1447	m	eps/kB	b	k10	k11	KADnm3	epsD	epsA	ND	NDs	NAs	idCas	Name	
1	1.1898	104.771	19.030	-0.676	1.921	0	0	0	0	0	0	74828	METHANE	
2	1.6139	147.333	25.898	-0.555	1.791	0	0	0	0	0	0	74840	ETHANE	
3	1.8756	167.303	34.385	-0.527	1.721	0	0	0	0	0	0	74986	PROPANE	
4	2.0328	181.588	41.822	-0.398	1.461	0	0	0	0	0	0	75285	ISOBUTANE	
7	2.3819	189.540	52.919	-0.618	1.885	0	0	0	0	0	0	109660	n-PENTANE	
8	2.2597	191.122	51.823	-0.581	1.861	0	0	0	0	0	0	78784	ISOPENTANE	
9	2.0948	180.340	55.799	-0.768	2.260	0	0	0	0	0	0	463821	NEOPENTANE	
11	2.6432	197.925	61.078	-0.574	1.748	0	0	0	0	0	0	110543	n-HEXANE	
12	2.5261	193.544	62.813	-0.705	2.050	0	0	0	0	0	0	107835	2-METHYLPENTANE	
13	2.4794	199.686	61.155	-0.639	1.894	0	0	0	0	0	0	96140	3-METHYLPENTANE	
14	2.2917	202.135	59.559	-0.558	1.739	0	0	0	0	0	0	75832	22-DIMETHYLBUTANE	
15	2.3704	201.932	60.478	-0.625	1.895	0	0	0	0	0	0	79298	23-DIMETHYLBUTANE	
17	2.9007	202.023	70.834	-0.627	1.866	0	0	0	0	0	0	142825	n-HEPTANE	
18	2.7853	198.903	72.133	-0.703	2.031	0	0	0	0	0	0	591764	2-METHYLHEXANE	
19	2.7447	203.220	70.301	-0.661	1.951	0	0	0	0	0	0	589344	3-METHYLHEXANE	
20	2.6846	209.211	68.001	-0.584	1.752	0	0	0	0	0	0	617787	3-ETHYLPENTANE	
21	2.5682	204.479	69.461	-0.598	1.804	0	0	0	0	0	0	590352	22-DIMETHYLPENTANE	
22	2.6173	208.376	68.649	-0.640	1.923	0	0	0	0	0	0	565593	23-DIMETHYLPENTANE	
23	2.6480	201.946	69.424	-0.593	1.781	0	0	0	0	0	0	108087	24-DIMETHYLPENTANE	
24	2.4674	212.729	68.815	-0.643	1.949	0	0	0	0	0	0	562492	33-DIMETHYLPENTANE	
25	2.3746	210.865	70.815	-0.732	2.135	0	0	0	0	0	0	464062	223-TRIMETHYLBUTANE	
27	3.1732	205.485	80.276	-0.649	1.930	0	0	0	0	0	0	111659	n-OCTANE	
28	3.0633	204.585	79.677	-0.655	1.955	0	0	0	0	0	0	592278	2-METHYLHEPTANE	
29	3.0241	207.452	78.566	-0.637	1.904	0	0	0	0	0	0	589811	3-METHYLHEPTANE	
30	3.0154	207.819	77.999	-0.603	1.785	0	0	0	0	0	0	589537	4-METHYLHEPTANE	
31	2.9601	207.661	79.173	-0.707	2.091	0	0	0	0	0	0	619998	3-ETHYLHEXANE	
32	2.8378	208.253	77.828	-0.589	1.744	0	0	0	0	0	0	590738	22-DIMETHYLHEXANE	
33	2.8792	208.232	79.620	-0.736	2.187	0	0	0	0	0	0	584941	23-DIMETHYLHEXANE	
34	2.8690	205.774	79.569	-0.698	2.063	0	0	0	0	0	0	589435	24-DIMETHYLHEXANE	
35	2.9445	205.032	78.639	-0.611	1.820	0	0	0	0	0	0	592132	25-DIMETHYLHEXANE	
36	2.7437	215.113	77.040	-0.607	1.829	0	0	0	0	0	0	563166	33-DIMETHYLHEXANE	
37	2.8394	212.018	78.242	-0.708	2.105	0	0	0	0	0	0	583482	34-DIMETHYLHEXANE	
38	2.7944	215.516	75.940	-0.609	1.825	0	0	0	0	0	0	609267	2-METHYL-3-ETHYLPENTANE	
39	2.6628	219.825	77.464	-0.708	2.083	0	0	0	0	0	0	1067089	3-METHYL-3-ETHYLPENTANE	
40	2.6210	219.658	75.847	-0.598	1.797	0	0	0	0	0	0	564023	223-TRIMETHYLPENTANE	
41	2.6549	210.296	77.943	-0.621	1.860	0	0	0	0	0	0	540841	224-TRIMETHYLPENTANE	
42	2.5851	223.549	75.830	-0.639	1.933	0	0	0	0	0	0	560214	233-TRIMETHYLPENTANE	
43	2.7176	216.443	76.386	-0.646	1.942	0	0	0	0	0	0	565753	234-TRIMETHYLPENTANE	
44	2.3481	218.298	84.140	-0.994	3.057	0	0	0	0	0	0	594821	2233-TETRAMETHYLBUTANE	
46	3.4159	207.461	91.247	-0.731	2.182	0	0	0	0	0	0	111842	n-NONANE	
47	2.8744	216.962	85.492	-0.509	1.483	0	0	0	0	0	0	3522949	225-TRIMETHYLHEXANE	
48	3.0917	223.859	91.659	-0.591	1.740	0	0	0	0	0	0	7154805	335-TRIMETHYLHEPTANE	
49	2.9153	213.720	87.470	-0.741	2.226	0	0	0	0	0	0	16747301	244-TRIMETHYLHEXANE	
50	2.8394	226.085	85.417	-0.755	2.287	0	0	0	0	0	0	1067205	33-DIETHYLPENTANE	
51	2.6634	231.237	84.024	-0.718	2.086	0	0	0	0	0	0	7154792	2233-TETRAMETHYLPENTANE	
52	2.7096	224.300	85.812	-0.710	2.052	0	0	0	0	0	0	1186534	2234-TETRAMETHYLPENTANE	
53	2.7085	217.331	87.079	-0.720	2.097	0	0	0	0	0	0	1070877	2244-TETRAMETHYLPENTANE	
54	2.7128	232.876	81.860	-0.630	1.912	0	0	0	0	0	0	16747389	2334-TETRAMETHYLPENTANE	
55	6.9957	237.643	311.826	-0.594	1.216	0	0	0	0	0	0	111013	Squalane	
56	3.6901	210.331	100.211	-0.731	2.213	0	0	0	0	0	0	124185	n-DECANE	
57	2.9894	227.184	91.190	-0.753	2.362	0	0	0	0	0	0	13475815	2233-TETRAMETHYLHEXANE	
58	3.0481	215.447	92.278	-0.549	1.533	0	0	0	0	0	0	1071814	2255-TETRAMETHYLHEXANE	
61	2.9229	239.518	89.005	-0.617	1.774	0	0	0	0	0	0	1678984	iso-BUTYLCYCLOHEXANE	
62	2.6316	256.936	87.845	-0.490	1.369	0	0	0	0	0	0	3178221	tert-BUTYLCYCLOHEXANE	
63	3.9069	213.832	109.969	-0.721	2.131	0	0	0	0	0	0	1120214	n-UNDECANE	
64	4.1735	214.999	119.679	-0.753	2.255	0	0	0	0	0	0	112403	n-DODECANE	
65	4.4142	217.623	129.518	-0.725	2.130	0	0	0	0	0	0	629505	n-TRIDECANE	
66	4.5661	221.662	140.150	-0.714	2.099	0	0	0	0	0	0	629594	n-TETRADECANE	
67	4.8259	223.039	148.871	-0.716	2.141	0	0	0	0	0	0	629629	n-PENTADECANE	
68	5.0148	225.433	158.461	-0.712	2.098	0	0	0	0	0	0	544763	n-HEXADECANE	
69	5.3366	222.757	170.651	-0.841	2.711	0	0	0	0	0	0	629787	n-HEPTADECANE	
70	5.5970	223.045	180.362	-0.856	2.803	0	0	0	0	0	0	593453	n-OCTADECANE	
71	5.8550	223.305	190.226	-0.881	2.933	0	0	0	0	0	0	629925	n-NONADECANE	
72	3.3342	211.692	98.744	-0.731	2.181	0	0	0	0	0	0	15869871	22-DIMETHYLOCTANE	
73	6.2060	221.126	201.818	-0.974	3.478	0	0	0	0	0	0	112958	n-EICOSANE	
74	6.4343	223.820	206.174	-0.900	3.116	0	0	0	0	0	0	629947	n-HENEICOSANE	
75	6.6326	218.545	250.066	-1.113	4.216	0	0	0	0	0	0	629970	n-DOCOSANE	
76	6.9917	220.045	237.624	-1.132	4.544	0	0	0	0	0	0	638675	n-TRICOSANE	
77	7.2939	219.335	249.347	-1.186	4.953	0	0	0	0	0	0	646311	n-TETRACOSANE	
79	7.8668	219.083	269.740	-1.236	5.346	0	0	0	0	0	0	630013	n-HEXACOSANE	
80	8.2816	219.008	273.825	-1.232	5.421	0	0	0	0	0	0	593497	n-HEPTACOSANE	
81	8.4510	217.712	293.926	-1.336	6.134	0	0	0	0	0	0	630024	n-OCTACOSANE	
85	3.5356	211.543	98.578	-0.732	2.207	0	0	0	0	0	0	5911046	3-METHYLNONANE	
86	3.5772	210.283	98.866	-0.697	2.008	0	0	0	0	0	0	871830	2-METHYLNONANE	
87	3.5367	208.317	100.354	-0.810	2.488	0	0	0	0	0	0	17301949	4-METHYLNONANE	
88	3.4868	211.447	98.550	-0.722	2.101	0	0	0	0	0	0	15869859	5-METHYLNONANE	
90	4.0099	227.084	150.650	-0.824	2.591	0	0	0	0	0	0	4390049	2244688-HEPTAMETHYLNON	
91	3.5092	197.232	92.382	-0.906	2.876	0	0	0	0	0	0	3221612	2-METHYLOCTANE	
92	3.2430	209.983	89.570	-0.706	2.078	0	0	0	0	0	0	2216333	3-METHYLOCTANE	
93	3.2463	208.460	89.774	-0.733	2.188	0	0	0	0	0	0	2216344	4-METHYLOCTANE	
94	3.2193	209.867	88.496	-0.736	2.219	0	0	0	0	0	0	15869804	3-ETHYLHEPTANE	
96	3.1266	207.141	88.829	-0.739	2.232	0	0	0	0	0	0	1071267	22-DIMETHYLHEPTANE	
100	4.1304	212.869	118.567	-0.788	2.386	0	0	0	0	0	0	1002433	3-METHYLUNDECANE	
101	1.7535	183.624	29.415	-0.588	1.800	0	0	0	0	0	0	75194	CYCLOPROPANE	
102	2.0389	198.034	36.571	-0.629	2.018	0	0	0	0	0	0	287230	CYCLOBUTANE	
104	2.0907	220.954	43.487	-0.523	1.694	0	0	0	0	0	0	287923	CYCLOPENTANE	
105	2.2643	218.851	54.351	-0.626	1.866	0	0	0	0	0	0	96377	METHYLCYCLOPENTANE	
107	2.4789	227.384	62.251	-0.580	1.767	0	0	0	0	0	0	1640897	ETHYLCYCLOPENTANE	
108	2.4910	213.542	61.377	-0.729	2.203	0	0	0	0	0	0	1638262	11-DIMETHYLCYCLOPENTANE	
109	2.4585	225.564	61.546	-0.609	1.863	0	0	0	0	0	0	1192183	cis-12-DIMETHYLCYCLOPENTANE	
110	2.4774	219.086	60.666	-0.645	1.974	0	0	0	0	0	0	822504	trans-12-DIMETHYLCYCLOPENTA	
111	2.5009	214.766	61.760	-0.730	2.204	0	0	0	0	0	0	2532583	cis-13-DIMETHYLCYCLOPENTANE	
112	2.4779	219.016	60.642	-0.646	1.985	0	0	0	0	0	0	1759586	trans-13-DIMETHYLCYCLOPENTA	
114	2.7778	226.718	71.661	-0.620	1.871	0	0	0	0	0	0	2040962	n-PROPYLCYCLOPENTANE	
115	2.6522	225.870	74.205	-0.730	2.149	0	0	0	0	0	0	3875512	ISOPROPYLCYCLOPENTANE	
116	2.7949	215.061	73.857	-0.819	2.508	0	0	0	0	0	0	16747505	1-METHYL-1-ETHYLCYCLOPENTANE	
122	3.0220	228.219	81.490	-0.643	1.872	0	0	0	0	0	0	2040951	n-BUTYLCYCLOPENTANE	
137	2.1580	228.506	54.804	-0.722	2.062	0	0	0	0	0	0	110827	CYCLOHEXANE	
138	2.3020	237.449	61.303	-0.513	1.600	0	0	0	0	0	0	108872	METHYLCYCLOHEXANE	
140	2.3507	255.159	71.838	-0.365	1.125	0	0	0	0	0	0	1678917	ETHYLCYCLOHEXANE	
141	2.2840	249.257	73.441	-0.411	1.287	0	0	0	0	0	0	590669	11-DIMETHYLCYCLOHEXANE	
142	2.2829	257.953	74.054	-0.335	1.055	0	0	0	0	0	0	2207014	cis-12-DIMETHYLCYCLOHEXANE	
143	2.3113	249.236	74.316	-0.437	1.346	0	0	0	0	0	0	6876239	trans-12-DIMETHYLCYCLOHEXAN	
144	2.3046	249.674	72.521	-0.367	1.158	0	0	0	0	0	0	638040	cis-13-DIMETHYLCYCLOHEXANE	
145	2.2886	255.034	72.577	-0.309	0.989	0	0	0	0	0	0	2207036	trans-13-DIMETHYLCYCLOHEXAN	
146	2.2762	255.390	72.856	-0.319	1.018	0	0	0	0	0	0	624293	cis-14-DIMETHYLCYCLOHEXANE	
147	2.3990	239.762	73.753	-0.513	1.566	0	0	0	0	0	0	2207047	trans-14-DIMETHYLCYCLOHEXAN	
148	2.9960	205.407	93.124	-1.264	4.655	0	0	0	0	0	0	1795262	1-trans-35-TRIMETHYLCYCLOHEXANE	
149	2.4235	267.789	79.019	-0.253	0.747	0	0	0	0	0	0	1678928	n-PROPYLCYCLOHEXANE	
150	2.7933	237.436	80.155	-0.639	1.924	0	0	0	0	0	0	696297	ISOPROPYLCYCLOHEXANE	
151	3.1842	232.479	87.072	-0.613	1.745	0	0	0	0	0	0	3726452	1234-TETRAMETHYLCYCLOHEXA	
152	2.5009	277.319	88.397	-0.190	0.431	0	0	0	0	0	0	1678939	n-BUTYLCYCLOHEXANE	
153	2.5261	282.313	79.343	-0.485	1.474	0	0	0	0	0	0	493016	cis-DECAHYDRONAPHTHALENE	
154	2.6326	266.566	79.251	-0.624	1.906	0	0	0	0	0	0	493027	trans-DECAHYDRONAPHTHALENE	
155	3.3276	252.717	103.383	-0.842	2.711	0	0	0	0	0	0	92513	BICYCLOHEXYL	
156	3.1952	231.334	88.115	-0.653	1.862	0	0	0	0	0	0	78013	11-DIETHYLCYCLOHEXANE	
158	4.6838	231.775	154.198	-0.975	3.303	0	0	0	0	0	0	1795160	n-DECYLCYCLOHEXANE	
159	2.3264	248.183	59.547	-0.562	1.739	0	0	0	0	0	0	291645	CYCLOHEPTANE	
160	2.3866	265.070	66.941	-0.497	1.513	0	0	0	0	0	0	292648	CYCLOOCTANE	
161	3.0911	238.123	80.916	-0.603	1.724	0	0	0	0	0	0	13990937	trans-14-DIETHYLCYCLOHEXANE	
176	3.1354	208.239	90.443	-0.697	1.964	0	0	0	0	0	0	1072055	26-DIMETHYLHEPTANE	
190	2.8244	222.667	83.251	-0.625	1.824	0	0	0	0	0	0	16747323	22-DIMETHYL-3-ETHYLPENTANE	
192	2.9196	218.846	85.097	-0.682	2.022	0	0	0	0	0	0	1068877	24-DIMETHYL-3-ETHYLPENTANE	
201	1.5489	140.433	22.956	-0.488	1.668	0	0	0	0	0	0	74851	ETHYLENE	
202	1.8022	167.831	31.716	-0.520	1.616	0	0	0	0	0	0	115071	PROPYLENE	
203	8.0572	228.923	297.126	-1.210	5.273	0	0	0	0	0	0	18435535	1-TRIACONTENE	
204	2.0379	181.871	40.788	-0.552	1.646	0	0	0	0	0	0	106989	1-BUTENE	
205	2.1264	188.078	38.939	-0.473	1.585	0	0	0	0	0	0	590181	cis-2-BUTENE	
206	2.2067	179.509	40.100	-0.596	1.956	0	0	0	0	0	0	624646	trans-2-BUTENE	
207	2.0902	182.128	39.380	-0.467	1.616	0	0	0	0	0	0	115117	ISOBUTENE	
209	2.3077	186.647	51.760	-0.734	2.165	0	0	0	0	0	0	109671	1-PENTENE	
210	2.3502	192.185	49.996	-0.630	1.872	0	0	0	0	0	0	627203	cis-2-PENTENE	
211	2.3658	191.810	49.319	-0.620	1.883	0	0	0	0	0	0	646048	trans-2-PENTENE	
212	2.2917	193.240	50.422	-0.514	1.583	0	0	0	0	0	0	563462	2-METHYL-1-BUTENE	
213	2.1662	190.549	49.697	-0.597	1.847	0	0	0	0	0	0	563451	3-METHYL-1-BUTENE	
214	2.5677	180.872	53.011	-0.759	2.336	0	0	0	0	0	0	513359	2-METHYL-2-BUTENE	
216	2.5577	196.432	59.223	-0.667	2.000	0	0	0	0	0	0	592416	1-HEXENE	
217	2.5698	199.619	60.555	-0.644	1.944	0	0	0	0	0	0	7688213	cis-2-HEXENE	
218	2.5761	199.525	59.738	-0.610	1.791	0	0	0	0	0	0	4050457	trans-2-HEXENE	
219	2.5240	202.012	59.245	-0.570	1.719	0	0	0	0	0	0	7642093	cis-3-HEXENE	
220	2.5593	201.286	58.801	-0.557	1.676	0	0	0	0	0	0	13269528	trans-3-HEXENE	
221	2.4319	205.264	57.988	-0.499	1.514	0	0	0	0	0	0	763291	2-METHYL-1-PENTENE	
222	2.4470	193.912	58.919	-0.758	2.296	0	0	0	0	0	0	760203	3-METHYL-1-PENTENE	
223	2.3165	204.706	57.676	-0.534	1.651	0	0	0	0	0	0	691372	4-METHYL-1-PENTENE	
224	2.3455	215.886	58.154	-0.349	1.067	0	0	0	0	0	0	625274	2-METHYL-2-PENTENE	
225	2.4183	209.453	57.612	-0.510	1.539	0	0	0	0	0	0	922623	3-METHYL-cis-2-PENTENE	
226	2.6490	206.937	64.584	-0.605	1.768	0	0	0	0	0	0	3769231	4-METHYL-1-HEXENE	
227	2.3440	206.506	57.014	-0.474	1.453	0	0	0	0	0	0	691383	4-METHYL-cis-2-PENTENE	
228	2.4011	204.747	57.162	-0.496	1.510	0	0	0	0	0	0	674760	4-METHYL-trans-2-PENTENE	
229	2.3860	209.215	57.068	-0.493	1.451	0	0	0	0	0	0	760214	2-ETHYL-1-BUTENE	
230	2.2876	207.220	57.020	-0.547	1.634	0	0	0	0	0	0	563780	23-DIMETHYL-1-BUTENE	
231	2.2628	199.051	55.538	-0.577	1.797	0	0	0	0	0	0	558372	33-DIMETHYL-1-BUTENE	
232	2.2381	227.750	56.850	-0.286	0.898	0	0	0	0	0	0	563791	23-DIMETHYL-2-BUTENE	
233	2.6750	206.425	69.630	-0.708	2.004	0	0	0	0	0	0	3404715	2-ETHYL-1-PENTENE	
234	2.8668	200.337	67.396	-0.690	2.108	0	0	0	0	0	0	592767	1-HEPTENE	
235	2.8298	199.557	73.460	-0.828	2.481	0	0	0	0	0	0	6443921	cis-2-HEPTENE	
236	2.8314	202.143	70.945	-0.732	2.219	0	0	0	0	0	0	14686136	trans-2-HEPTENE	
237	2.8180	201.254	70.714	-0.727	2.147	0	0	0	0	0	0	14686147	trans-3-HEPTENE	
238	2.6862	207.776	68.386	-0.595	1.765	0	0	0	0	0	0	6094026	2-METHYL-1-HEXENE	
239	2.6464	205.961	64.020	-0.585	1.706	0	0	0	0	0	0	4038044	3-ETHYL-1-PENTENE	
240	2.6665	206.314	64.278	-0.525	1.550	0	0	0	0	0	0	3404613	3-METHYL-1-HEXENE	
241	2.9574	204.114	77.228	-0.685	2.034	0	0	0	0	0	0	3404588	3-ETHYL-1-HEXENE	
242	2.9526	205.353	77.849	-0.690	2.049	0	0	0	0	0	0	13151058	4-METHYL-1-HEPTENE	
244	3.3431	207.520	91.809	-0.833	2.596	0	0	0	0	0	0	6434771	cis-2-NONENE	
245	3.3431	208.268	90.565	-0.790	2.426	0	0	0	0	0	0	6434782	trans-2-NONENE	
248	2.3160	218.890	63.478	-0.534	1.588	0	0	0	0	0	0	594569	233-TRIMETHYL-1-BUTENE	
249	2.6094	215.620	68.852	-0.500	1.513	0	0	0	0	0	0	7642106	cis-3-HEPTENE	
250	3.1321	205.226	75.550	-0.681	2.117	0	0	0	0	0	0	111660	1-OCTENE	
251	3.0878	202.589	83.325	-0.870	2.702	0	0	0	0	0	0	13389429	trans-2-OCTENE	
256	2.6422	209.939	78.018	-0.716	2.057	0	0	0	0	0	0	107391	244-TRIMETHYL-1-PENTENE	
257	2.6210	220.003	73.611	-0.453	1.277	0	0	0	0	0	0	107404	244-TRIMETHYL-2-PENTENE	
258	2.9450	208.115	78.965	-0.757	2.299	0	0	0	0	0	0	1632162	2-ETHYL-1-HEXENE	
259	3.3781	204.894	88.762	-0.836	2.573	0	0	0	0	0	0	124118	1-NONENE	
260	3.6234	208.643	98.140	-0.822	2.531	0	0	0	0	0	0	872059	1-DECENE	
261	3.8621	214.169	105.141	-0.727	2.185	0	0	0	0	0	0	821954	1-UNDECENE	
262	4.0898	213.108	119.913	-0.870	2.749	0	0	0	0	0	0	112414	1-DODECENE	
263	4.3552	217.129	126.781	-0.783	2.417	0	0	0	0	0	0	2437561	1-TRIDECENE	
264	4.6096	216.003	141.468	-0.905	3.000	0	0	0	0	0	0	1120361	1-TETRADECENE	
265	4.7969	217.393	150.804	-0.953	3.149	0	0	0	0	0	0	13360617	1-PENTADECENE	
266	5.0563	218.397	160.622	-0.967	3.259	0	0	0	0	0	0	629732	1-HEXADECENE	
267	5.4898	222.401	176.649	-0.928	3.050	0	0	0	0	0	0	112889	1-OCTADECENE	
268	2.9331	208.036	76.702	-0.613	1.773	0	0	0	0	0	0	5026766	6-METHYL-1-HEPTENE	
269	2.0968	218.204	40.607	-0.541	1.762	0	0	0	0	0	0	142290	CYCLOPENTENE	
270	2.1795	237.373	48.976	-0.531	1.673	0	0	0	0	0	0	110838	CYCLOHEXENE	
271	6.0224	212.897	192.990	-1.104	4.414	0	0	0	0	0	0	42448851	trans-2-EICOSENE	
272	4.8446	215.481	148.069	-0.937	3.147	0	0	0	0	0	0	74392362	trans-2-PENTADECENE	
273	2.3829	241.237	56.630	-0.615	1.843	0	0	0	0	0	0	628922	CYCLOHEPTENE	
274	2.5330	248.392	64.361	-0.627	1.849	0	0	0	0	0	0	931884	CYCLOOCTENE	
276	3.1146	203.784	81.642	-0.822	2.629	0	0	0	0	0	0	7642048	cis-2-OCTENE	
277	2.8701	214.414	81.032	-0.661	1.949	0	0	0	0	0	0	14919018	trans-3-OCTENE	
278	3.0955	201.496	82.382	-0.864	2.730	0	0	0	0	0	0	7642151	cis-4-OCTENE	
279	2.8459	216.123	79.996	-0.608	1.759	0	0	0	0	0	0	14850238	trans-4-OCTENE	
280	3.0660	205.708	80.051	-0.757	2.414	0	0	0	0	0	0	14850227	cis-3-OCTENE	
281	5.2166	221.425	168.765	-0.935	3.047	0	0	0	0	0	0	6765395	1-HEPTADECENE	
283	5.7300	228.991	173.335	-0.701	1.998	0	0	0	0	0	0	18435455	1-NONADECENE	
284	6.0353	229.361	180.911	-0.710	2.134	0	0	0	0	0	0	3452071	1-EICOSENE	
286	2.2798	224.009	49.881	-0.570	1.719	0	0	0	0	0	0	693890	1-METHYLCYCLOPENTENE	
287	2.2685	217.773	48.504	-0.572	1.726	0	0	0	0	0	0	1120623	3-METHYLCYCLOPENTENE	
288	2.3000	217.341	48.252	-0.567	1.756	0	0	0	0	0	0	1759815	4-METHYLCYCLOPENTENE	
289	2.7687	215.298	72.743	-0.548	1.561	0	0	0	0	0	0	16746864	23-DIMETHYL-1-HEXENE	
290	3.0426	237.515	86.017	-0.727	2.302	0	0	0	0	0	0	5989275	d-LIMONENE	
291	3.0453	246.322	82.883	-0.578	1.623	0	0	0	0	0	0	586629	TERPINOLENE	
292	2.8604	239.958	72.986	-0.590	1.698	0	0	0	0	0	0	13511132	PROPENYLCYCLOHEXENE	
301	1.6365	198.478	28.415	-0.193	0.956	0	0	0	0	0	0	463490	PROPADIENE	
302	1.9439	200.929	40.689	-0.513	1.524	0	0	0	0	0	0	590192	12-BUTADIENE	
303	2.0912	184.399	37.367	-0.497	1.684	0	0	0	0	0	0	106990	13-BUTADIENE	
304	1.8851	237.844	47.314	-0.093	0.498	0	0	0	0	0	0	591957	12-PENTADIENE	
305	1.8491	240.943	47.769	-0.054	0.455	0	0	0	0	0	0	1574410	cis-13-PENTADIENE	
306	1.6961	249.024	49.722	-0.102	0.474	0	0	0	0	0	0	2004708	trans-13-PENTADIENE	
307	1.5367	250.165	48.835	-0.081	0.377	0	0	0	0	0	0	591935	14-PENTADIENE	
308	2.2108	215.255	47.006	-0.300	0.977	0	0	0	0	0	0	591968	23-PENTADIENE	
309	1.9057	224.526	46.700	-0.268	0.972	0	0	0	0	0	0	78795	ISOPRENE	
310	2.2494	212.268	57.208	-0.534	1.672	0	0	0	0	0	0	592427	15-HEXADIENE	
311	2.0526	221.228	46.116	-0.226	0.854	0	0	0	0	0	0	598254	3-METHYL-12-BUTADIENE	
312	2.3098	222.608	46.170	-0.564	1.700	0	0	0	0	0	0	26519915	METHYLCYCLOPENTADIENE	
313	2.5309	197.999	58.505	-0.719	2.132	0	0	0	0	0	0	592450	14-HEXADIENE	
314	2.5419	213.978	57.611	-0.490	1.487	0	0	0	0	0	0	5194514	transtrans-24-HEXADIENE	
315	2.1269	197.694	45.158	-1.125	3.364	0	0	0	0	0	0	542927	CYCLOPENTADIENE	
316	2.5730	255.114	82.129	-0.693	1.984	0	0	0	0	0	0	77736	DICYCLOPENTADIENE	
317	3.0698	238.512	80.791	-0.596	1.688	0	0	0	0	0	0	99832	alpha-PHELLANDRENE	
318	3.0475	238.975	80.696	-0.588	1.657	0	0	0	0	0	0	555102	beta-PHELLANDRENE	
319	2.1893	227.337	54.472	-0.353	1.142	0	0	0	0	0	0	513815	23-DIMETHYL-13-BUTADIENE	
320	2.5067	213.744	59.565	-0.576	1.690	0	0	0	0	0	0	5194503	cistrans-24-HEXADIENE	
321	2.3575	200.945	54.456	-0.626	1.859	0	0	0	0	0	0	1115088	3-METHYL-14-PENTADIENE	
322	3.1924	265.649	89.638	-0.817	3.057	0	0	0	0	0	0	706310	159-CYCLODODECATRIENE	
329	2.7629	216.317	75.121	-0.603	1.752	0	0	0	0	0	0	627587	25-DIMETHYL-15-HEXADIENE	
330	2.7522	237.469	73.076	-0.252	0.551	0	0	0	0	0	0	764136	25-DIMETHYL-24-HEXADIENE	
331	2.2747	232.328	44.283	-0.543	1.795	0	0	0	0	0	0	592574	13-CYCLOHEXADIENE	
333	2.5614	256.666	59.829	-0.508	1.517	0	0	0	0	0	0	111784	15-CYCLOOCTADIENE	
340	2.5219	204.996	58.386	-0.635	1.883	0	0	0	0	0	0	20237347	trans-13-HEXADIENE	
341	2.3621	218.133	57.919	-0.489	1.447	0	0	0	0	0	0	926545	trans-2-METHYL-13-PENTADIEN	
342	3.7964	203.048	92.524	-0.796	2.441	0	0	0	0	0	0	1647161	19-DECADIENE	
343	2.5677	241.983	58.266	-0.871	2.527	0	0	0	0	0	0	629209	1357-CYCLOOCTATETRAENE	
401	2.0719	128.717	20.721	-0.769	2.251	0	0	0	0	0	0	74862	ACETYLENE	
402	2.1754	169.190	27.607	-0.578	1.729	0	0	0	0	0	0	74997	METHYLACETYLENE	
403	2.3585	179.876	35.819	-0.556	1.712	0	0	0	0	0	0	107006	ETHYLACETYLENE	
404	2.3144	189.924	38.435	-0.727	2.134	0	0	0	0	0	0	503173	DIMETHYLACETYLENE	
405	2.5830	183.460	45.047	-0.808	2.503	0	0	0	0	0	0	627190	1-PENTYNE	
406	2.2103	234.130	56.046	-0.346	1.063	0	0	0	0	0	0	928494	3-HEXYNE	
407	2.2262	240.078	54.521	-0.203	0.751	0	0	0	0	0	0	764352	2-HEXYNE	
412	1.9908	241.201	45.551	-0.114	0.684	0	0	0	0	0	0	627214	2-PENTYNE	
413	2.8105	192.118	53.512	-0.762	2.386	0	0	0	0	0	0	693027	1-HEXYNE	
414	1.7992	232.429	42.946	-0.361	1.399	0	0	0	0	0	0	78808	2-METHYL-1-BUTENE-3-YNE	
416	3.3038	202.430	70.846	-0.753	2.406	0	0	0	0	0	0	629050	1-OCTYNE	
418	1.6503	230.433	34.648	-0.058	0.409	0	0	0	0	0	0	689974	VINYLACETYLENE	
419	2.6793	181.060	39.380	-0.589	2.284	0	0	0	0	0	0	598232	3-METHYL-1-BUTYNE	
421	2.0080	222.809	43.640	-0.482	1.711	0	0	0	0	0	0	871283	1-PENTENE-4-YNE	
424	3.0857	303.328	101.886	-0.649	1.892	0	0	0	0	0	0	501655	DIPHENYLACETYLENE	
426	3.5699	205.613	79.384	-0.733	2.207	0	0	0	0	0	0	3452093	1-NONYNE	
427	3.8353	208.573	88.351	-0.739	2.324	0	0	0	0	0	0	764932	1-DECYNE	
501	2.1693	236.228	44.551	-0.593	1.775	0	0	0	0	0	0	71432	BENZENE	
502	2.4470	235.794	54.485	-0.631	1.904	0	0	0	0	0	0	108883	TOLUENE	
504	2.6549	238.831	62.900	-0.617	1.858	0	0	0	0	0	0	100414	ETHYLBENZENE	
505	2.6899	242.267	62.117	-0.632	1.915	0	0	0	0	0	0	95476	o-XYLENE	
506	2.7773	231.328	65.196	-0.724	2.162	0	0	0	0	0	0	108383	m-XYLENE	
507	2.7522	231.283	66.220	-0.750	2.286	0	0	0	0	0	0	106423	p-XYLENE	
509	2.8733	238.948	72.257	-0.649	1.957	0	0	0	0	0	0	103651	n-PROPYLBENZENE	
510	2.7821	241.717	70.277	-0.558	1.654	0	0	0	0	0	0	98828	CUMENE	
511	2.8244	247.115	70.578	-0.573	1.695	0	0	0	0	0	0	611143	o-ETHYLTOLUENE	
512	2.9840	232.827	74.058	-0.728	2.202	0	0	0	0	0	0	620144	m-ETHYLTOLUENE	
513	2.9932	234.246	72.132	-0.717	2.212	0	0	0	0	0	0	622968	p-ETHYLTOLUENE	
514	2.9932	242.215	70.650	-0.751	2.334	0	0	0	0	0	0	526738	123-TRIMETHYLBENZENE	
515	3.0589	234.585	73.348	-0.753	2.333	0	0	0	0	0	0	95636	124-TRIMETHYLBENZENE	
516	3.1672	227.586	73.630	-0.754	2.347	0	0	0	0	0	0	108678	MESITYLENE	
518	3.1430	238.912	80.955	-0.669	2.017	0	0	0	0	0	0	104518	n-BUTYLBENZENE	
519	3.0753	233.660	78.296	-0.780	2.424	0	0	0	0	0	0	538932	ISOBUTYLBENZENE	
520	2.5261	276.495	75.831	-0.177	0.563	0	0	0	0	0	0	135988	sec-BUTYLBENZENE	
521	2.4648	276.502	75.772	-0.197	0.596	0	0	0	0	0	0	98066	tert-BUTYLBENZENE	
522	2.9910	239.966	82.810	-0.725	2.192	0	0	0	0	0	0	527844	o-CYMENE	
523	3.0551	236.454	83.005	-0.688	2.070	0	0	0	0	0	0	535773	m-CYMENE	
524	3.0323	240.892	81.890	-0.598	1.768	0	0	0	0	0	0	99876	p-CYMENE	
525	2.8469	257.053	80.245	-0.444	1.216	0	0	0	0	0	0	135013	o-DIETHYLBENZENE	
526	2.9250	249.285	81.080	-0.550	1.549	0	0	0	0	0	0	141935	m-DIETHYLBENZENE	
527	3.1908	237.168	82.426	-0.654	1.960	0	0	0	0	0	0	105055	p-DIETHYLBENZENE	
530	3.2701	245.243	79.464	-0.733	2.189	0	0	0	0	0	0	488233	1234-TETRAMETHYLBENZENE	
531	3.3088	239.360	81.212	-0.737	2.242	0	0	0	0	0	0	527537	1235-TETRAMETHYLBENZENE	
532	3.2949	235.069	85.691	-0.850	2.640	0	0	0	0	0	0	95932	1245-TETRAMETHYLBENZENE	
533	3.3670	240.354	100.844	-0.707	2.089	0	0	0	0	0	0	7364194	p-tert-BUTYLETHYLBENZENE	
534	3.7469	239.958	104.808	-0.720	2.096	0	0	0	0	0	0	1012722	14-DI-tert-BUTYLBENZENE	
535	7.0266	265.631	273.526	-1.161	4.742	0	0	0	0	0	0	59029	alpha-TOCOPHEROL	
536	3.6573	291.452	104.130	1.017	-2.727	0	0	0	0	0	0	1460022	135-TRI-tert-BUTYLBENZENE	
537	3.9189	232.910	119.729	-0.703	1.927	0	0	0	0	0	0	717748	135-TRIISOPROPYLBENZENE	
541	3.5289	248.303	87.112	-0.751	2.416	0	0	0	0	0	0	700129	PENTAMETHYLBENZENE	
543	2.9504	262.550	93.425	-0.337	0.777	0	0	0	0	0	0	99627	m-DIISOPROPYLBENZENE	
544	3.1206	258.632	92.852	-0.353	0.779	0	0	0	0	0	0	100185	p-DIISOPROPYLBENZENE	
545	3.7401	229.378	100.419	-0.818	2.546	0	0	0	0	0	0	877441	124-TRIETHYLBENZENE	
547	3.7088	257.708	93.503	-0.724	2.146	0	0	0	0	0	0	87854	HEXAMETHYLBENZENE	
548	3.7645	231.568	97.053	-0.700	2.016	0	0	0	0	0	0	42205083	123-TRIETHYLBENZENE	
549	3.8891	239.235	110.112	-0.745	2.396	0	0	0	0	0	0	1078713	n-HEPTYLBENZENE	
553	4.2764	233.665	107.714	-0.576	1.388	0	0	0	0	0	0	38842056	1235-TETRAETHYLBENZENE	
554	4.7861	226.905	150.038	-1.120	3.968	0	0	0	0	0	0	104723	n-DECYLBENZENE	
556	5.2357	226.221	136.009	-0.866	2.797	0	0	0	0	0	0	604886	HEXAETHYLBENZENE	
557	3.0568	281.111	86.003	-0.360	0.811	0	0	0	0	0	0	827521	CYCLOHEXYLBENZENE	
558	3.1913	279.259	79.929	-0.628	1.809	0	0	0	0	0	0	92524	BIPHENYL	
559	4.5637	282.764	103.164	-0.953	3.172	0	0	0	0	0	0	92944	p-TERPHENYL	
560	4.6132	274.991	119.678	-0.944	3.236	0	0	0	0	0	0	92068	m-TERPHENYL	
561	4.0278	279.700	98.816	-0.852	2.654	0	0	0	0	0	0	84151	o-TERPHENYL	
562	3.4891	269.179	100.297	-0.706	2.078	0	0	0	0	0	0	612000	11-DIPHENYLETHANE	
563	3.6296	256.996	99.200	-0.827	2.575	0	0	0	0	0	0	101815	DIPHENYLMETHANE	
564	3.6686	262.008	104.568	-0.855	2.698	0	0	0	0	0	0	103297	12-DIPHENYLETHANE	
565	4.1566	284.195	129.101	-0.715	2.078	0	0	0	0	0	0	519733	TRIPHENYLMETHANE	
566	4.0013	275.277	141.434	-0.787	2.410	0	0	0	0	0	0	6362807	24-DIPHENYL-4-METHYLPENTENE	
567	3.3842	234.104	95.417	-0.847	2.548	0	0	0	0	0	0	538681	n-PENTYLBENZENE	
568	3.6149	239.701	100.529	-0.711	2.137	0	0	0	0	0	0	1077163	n-HEXYLBENZENE	
569	4.1188	235.734	124.312	-0.871	2.706	0	0	0	0	0	0	2189608	n-OCTYLBENZENE	
570	4.5070	240.403	132.644	-0.655	2.243	0	0	0	0	0	0	1081772	n-NONYLBENZENE	
571	5.0838	229.046	153.289	-1.045	3.735	0	0	0	0	0	0	6742547	n-UNDECYLBENZENE	
572	5.4000	234.964	171.737	-0.975	3.365	0	0	0	0	0	0	123024	n-TRIDECYLBENZENE	
573	5.6070	236.138	180.484	-0.964	3.361	0	0	0	0	0	0	1459105	n-TETRADECYLBENZENE	
574	5.1120	236.889	161.123	-0.915	3.068	0	0	0	0	0	0	123013	n-DODECYLBENZENE	
575	3.2684	233.469	83.573	-0.684	2.097	0	0	0	0	0	0	934747	5-ETHYL-m-XYLENE	
576	3.2116	240.735	78.298	-0.678	2.064	0	0	0	0	0	0	2870044	2-ETHYL-m-XYLENE	
577	3.2381	234.633	82.873	-0.760	2.323	0	0	0	0	0	0	1758889	2-ETHYL-p-XYLENE	
578	3.2524	234.376	83.494	-0.782	2.407	0	0	0	0	0	0	874419	4-ETHYL-m-XYLENE	
579	3.2381	239.230	80.963	-0.657	1.989	0	0	0	0	0	0	934805	4-ETHYL-o-XYLENE	
580	2.9688	256.367	81.417	-0.484	1.334	0	0	0	0	0	0	933982	3-ETHYL-o-XYLENE	
581	3.8524	271.002	135.731	-0.706	2.088	0	0	0	0	0	0	1889674	23-DIMETHYL-23-DIPHENYLBUT	
582	2.9229	249.673	78.468	-0.576	1.634	0	0	0	0	0	0	2039932	2-PHENYLBUTENE-1	
583	2.9380	255.964	80.811	-0.589	1.685	0	0	0	0	0	0	768003	cis-2-PHENYLBUTENE-2	
584	2.9629	243.509	77.041	-0.593	1.697	0	0	0	0	0	0	767997	trans-2-PHENYLBUTENE-2	
585	3.2138	235.597	80.776	-0.750	2.360	0	0	0	0	0	0	1074175	1-METHYL-2-n-PROPYLBENZENE	
586	3.2458	232.003	83.208	-0.739	2.246	0	0	0	0	0	0	1074437	1-METHYL-3-n-PROPYLBENZENE	
587	3.2491	231.765	84.051	-0.764	2.337	0	0	0	0	0	0	1074551	1-METHYL-4-n-PROPYLBENZENE	
588	4.3799	271.847	132.711	-0.716	2.106	0	0	0	0	0	0	1520429	112-TRIPHENYLETHANE	
589	4.7842	302.402	183.244	-0.951	3.195	0	0	0	0	0	0	630762	TETRAPHENYLMETHANE	
590	5.1053	249.802	162.019	-0.965	3.306	0	0	0	0	0	0	632508	1122-TETRAPHENYLETHANE	
591	4.1840	252.825	116.393	-0.717	2.099	0	0	0	0	0	0	7439158	1-(4-ETHYLPHENYL)-2-PHENYLET	
592	3.4695	234.853	91.566	-0.862	2.707	0	0	0	0	0	0	17059448	12-DIMETHYL-3-PROPYLBENZENE	
593	3.4936	243.424	87.681	-0.728	2.158	0	0	0	0	0	0	61827869	123-TRIMETHYL-4-ETHYLBENZE	
594	3.4908	237.296	90.637	-0.910	3.158	0	0	0	0	0	0	61827870	124-TRIMETHYL-3-ETHYLBENZE	
595	3.5294	233.637	92.387	-0.855	2.680	0	0	0	0	0	0	17851273	124-TRIMETHYL-5-ETHYLBENZE	
596	4.2296	253.126	135.582	-0.789	2.408	0	0	0	0	0	0	51526068	1-(4-ETHYLPHENYL)-2-(4-ETHYL	
601	2.6210	249.077	60.298	-0.564	1.709	0	0	0	0	0	0	100425	STYRENE	
602	2.8561	250.868	66.871	-0.527	1.525	0	0	0	0	0	0	611154	o-METHYLSTYRENE	
603	2.8964	245.528	71.968	-0.631	1.836	0	0	0	0	0	0	100801	m-METHYLSTYRENE	
605	3.1545	240.995	80.240	-0.657	1.915	0	0	0	0	0	0	7564638	o-ETHYLSTYRENE	
606	3.1507	243.375	80.160	-0.627	1.803	0	0	0	0	0	0	7525624	m-ETHYLSTYRENE	
607	3.1562	242.997	81.532	-0.677	1.997	0	0	0	0	0	0	3454077	p-ETHYLSTYRENE	
612	2.7293	258.111	70.293	-0.508	1.488	0	0	0	0	0	0	622979	p-METHYLSTYRENE	
613	2.7586	248.628	71.287	-0.636	1.862	0	0	0	0	0	0	98839	alpha-METHYLSTYRENE	
614	3.0301	252.212	80.344	-0.710	2.159	0	0	0	0	0	0	108576	m-DIVINYLBENZENE	
615	2.2520	270.406	57.705	-0.551	1.643	0	0	0	0	0	0	536743	ETHYNYLBENZENE	
616	3.5255	253.877	107.374	-0.730	2.184	0	0	0	0	0	0	63444564	4-ISOBUTYLSTYRENE	
618	2.8555	248.852	74.263	-0.740	2.266	0	0	0	0	0	0	766905	cis-1-PROPENYLBENZENE	
619	2.8459	252.822	71.758	-0.604	1.746	0	0	0	0	0	0	873665	trans-1-PROPENYLBENZENE	
621	3.2944	245.592	106.048	-0.880	2.750	0	0	0	0	0	0	1746232	p-tert-BUTYLSTYRENE	
701	2.6469	283.991	70.973	-0.759	2.226	0	0	0	0	0	0	91203	NAPHTHALENE	
702	2.8582	286.846	79.261	-0.699	1.992	0	0	0	0	0	0	90120	1-METHYLNAPHTHALENE	
703	3.0557	275.452	79.305	-0.746	2.292	0	0	0	0	0	0	91576	2-METHYLNAPHTHALENE	
704	3.2155	277.802	82.653	-0.683	2.013	0	0	0	0	0	0	1127760	1-ETHYLNAPHTHALENE	
706	2.8244	271.777	71.508	-0.634	1.922	0	0	0	0	0	0	119642	1234-TETRAHYDRONAPHTHALEN	
709	3.2728	272.305	89.165	-0.809	2.500	0	0	0	0	0	0	581420	26-DIMETHYLNAPHTHALENE	
710	3.9103	284.514	107.766	-0.707	2.104	0	0	0	0	0	0	605027	1-PHENYLNAPHTHALENE	
713	3.7060	269.326	101.009	-0.728	2.188	0	0	0	0	0	0	1634099	1-n-BUTYLNAPHTHALENE	
714	4.2378	264.179	119.294	-0.763	2.310	0	0	0	0	0	0	2876531	1-n-HEXYLNAPHTHALENE	
715	3.4393	263.775	88.538	-0.920	2.997	0	0	0	0	0	0	582161	27-DIMETHYLNAPHTHALENE	
716	4.2460	254.363	134.320	-0.715	2.089	0	0	0	0	0	0	66325119	1-n-HEXYL-1234-TETRAHYDRO	
717	4.2384	276.958	133.479	-1.304	5.203	0	0	0	0	0	0	206440	FLUORANTHENE	
719	3.2927	269.568	88.375	-0.823	2.633	0	0	0	0	0	0	939275	2-ETHYLNAPHTHALENE	
723	2.8223	265.142	73.838	-0.633	1.854	0	0	0	0	0	0	767599	1-METHYLINDENE	
724	2.9078	267.373	72.804	-0.576	1.697	0	0	0	0	0	0	2177471	2-METHYLINDENE	
725	3.4070	248.998	95.962	-0.884	2.854	0	0	0	0	0	0	4773835	123-TRIMETHYLINDENE	
726	3.3016	238.738	90.288	-0.706	2.075	0	0	0	0	0	0	26472004	METHYLCYCLOPENTADIENEDIMER	
731	4.3105	292.640	143.067	-0.791	2.423	0	0	0	0	0	0	58720	TRIPHENYLETHYLENE	
732	5.0826	302.983	188.013	-0.915	3.069	0	0	0	0	0	0	632519	TETRAPHENYLETHYLENE	
735	3.5969	265.219	102.097	-0.840	2.574	0	0	0	0	0	0	645498	cis-STILBENE	
736	3.6624	285.147	98.361	-0.554	1.456	0	0	0	0	0	0	103300	trans-STILBENE	
738	3.1985	296.382	97.423	-0.676	1.974	0	0	0	0	0	0	86737	FLUORENE	
803	2.8164	261.945	64.056	-0.587	1.930	0	0	0	0	0	0	95136	INDENE	
804	3.6528	269.773	132.496	-1.458	5.379	0	0	0	0	0	0	120127	ANTHRACENE	
805	3.5682	290.482	110.967	-0.964	3.142	0	0	0	0	0	0	85018	PHENANTHRENE	
806	4.3293	312.551	138.166	-0.865	2.746	0	0	0	0	0	0	218019	CHRYSENE	
807	3.7759	303.667	134.313	-1.058	3.566	0	0	0	0	0	0	129000	PYRENE	
808	3.0720	290.895	93.676	-0.699	1.986	0	0	0	0	0	0	83329	ACENAPHTHENE	
809	3.1683	287.865	86.038	-0.590	1.618	0	0	0	0	0	0	208968	ACENAPHTHALENE	
810	2.0419	267.617	121.349	-1.373	4.382	0	0	0	0	0	0	281232	ADAMANTANE	
811	2.3673	255.683	72.870	-0.553	1.719	0	0	0	0	0	0	3048644	VINYLNORBORNENE	
812	1.9308	339.511	147.691	-0.780	2.258	0	0	0	0	0	0	2292797	DIAMANTANE	
814	2.6020	271.277	90.549	-0.746	2.237	0	0	0	0	0	0	702794	13-DIMETHYLADAMANTANE	
817	3.3970	313.499	115.181	-0.700	2.000	0	0	0	0	0	0	832644	4-METHYLPHENANTHRENE	
818	2.1719	252.256	67.494	-0.584	1.748	0	0	0	0	0	0	694928	METHYLNORBORNENE	
819	2.4288	250.196	77.168	-0.613	1.816	0	0	0	0	0	0	15403891	ETHYLNORBORNENE	
821	3.0230	236.430	84.180	-0.699	2.001	0	0	0	0	0	0	99865	alpha-TERPINENE	
822	3.0453	239.421	86.207	-0.710	1.912	0	0	0	0	0	0	99854	gamma-TERPINENE	
823	1.9092	256.999	60.250	-0.625	1.805	0	0	0	0	0	0	498668	2-NORBORNENE	
824	2.7112	238.278	69.457	-0.698	1.995	0	0	0	0	0	0	16219753	5-ETHYLIDENE-2-NORBORNENE	
826	4.1316	322.216	134.788	-0.717	2.097	0	0	0	0	0	0	56553	BENZANTHRACENE	
827	4.1089	315.193	147.049	-0.995	3.371	0	0	0	0	0	0	92240	NAPHTHACENE	
828	2.9121	240.706	93.699	-0.711	1.920	0	0	0	0	0	0	7058017	sec-BUTYLCYCLOHEXANE	
839	2.6136	244.458	88.534	-0.723	2.116	0	0	0	0	0	0	79925	CAMPHENE	
840	2.2237	284.481	80.385	-0.103	0.395	0	0	0	0	0	0	80568	alpha-PINENE	
841	2.7687	241.434	87.169	-0.706	1.999	0	0	0	0	0	0	127913	beta-PINENE	
899	1.8187	148.710	15.693	-0.166	0.787	0	0	0	0	0	0	10024972	NitrousOxide	
901	1.2406	84.671	13.539	-0.572	1.771	0	0	0	0	0	0	7782447	OXYGEN	
904	3.3475	150.322	21.157	-0.670	1.957	0	0	0	0	0	0	10544737	NitrogenTrioxide	
905	1.3145	65.826	16.721	-0.688	1.991	0	0	0	0	0	0	7727379	NITROGEN	
906	5.7965	110.361	21.176	-2.006	9.906	0	0	0	0	0	0	10544726	NITROGENTETROXIDE	
908	1.3649	68.007	16.984	-0.675	1.887	0	0	0	0	0	0	630080	CarbonMonoxide	
909	2.2376	123.278	16.593	-0.764	2.288	0	0	0	0	0	0	124389	CarbonDioxide	
910	2.3502	177.338	20.244	-0.500	1.497	0	0	0	0	0	0	7446095	SulfurDioxide	
911	3.3076	176.935	20.216	-0.412	0.111	0	0	0	0	0	0	7446119	SulfurTrioxide	
914	1.1153	85.928	14.311	-0.663	1.848	0	0	0	0	0	0	7440371	ARGON	
917	1.3880	73.131	12.410	-0.673	1.882	0	0	0	0	0	0	7782414	FLUORINE	
918	1.4643	217.354	21.773	-0.356	1.388	0	0	0	0	0	0	7782505	CHLORINE	
919	0.9504	25.103	9.327	-1.057	2.117	0	0	0	0	0	0	7440019	NEON	
920	1.0824	112.759	19.972	-0.950	1.938	0	0	0	0	0	0	7439909	KRYPTON	
922	1.7595	257.882	25.052	-0.841	2.326	0	0	0	0	0	0	7726956	BROMINE	
924	2.1775	106.895	19.026	-0.773	2.344	0	0	0	0	0	0	10028156	OZONE	
959	1.1893	159.285	22.796	-0.688	1.995	0	0	0	0	0	0	7440633	XENON	
1001	1.9540	197.914	22.448	-0.118	0.975	0	0	0	0	0	0	50000	FORMALDEHYDE	
1002	2.4392	175.820	35.494	-0.976	2.721	0	0	0	0	0	0	75070	ACETALDEHYDE	
1003	2.5377	195.251	38.413	-0.739	2.305	0	0	0	0	0	0	123386	PROPANAL	
1004	2.9780	241.673	58.424	-0.655	1.922	0	0	0	0	0	0	100505	1236-TETRAHYDROBENZALDEHY	
1005	2.5445	208.350	46.626	-0.695	1.958	0	0	0	0	0	0	123728	BUTANAL	
1006	2.9693	187.453	44.394	-0.646	1.894	0	0	0	0	0	0	78842	2-METHYLPROPANAL	
1007	2.7064	216.118	54.551	-0.621	1.567	0	0	0	0	0	0	110623	PENTANAL	
1008	3.2072	223.418	68.586	-0.654	2.032	0	0	0	0	0	0	111717	HEPTANAL	
1009	2.9672	221.989	60.313	-0.557	1.559	0	0	0	0	0	0	66251	HEXANAL	
1010	3.4076	219.016	79.110	-0.824	2.166	0	0	0	0	0	0	124130	OCTANAL	
1011	3.5828	224.900	86.103	-0.713	1.648	0	0	0	0	0	0	124196	NONANAL	
1013	3.4740	215.240	80.321	-0.700	2.000	0	0	0	0	0	0	123057	2-ETHYLHEXANAL	
1016	3.5132	204.711	72.307	-0.729	2.175	0	0	0	0	0	0	925542	2-METHYLHEXANAL	
1017	3.4913	201.799	76.440	-0.913	2.994	0	0	0	0	0	0	19269284	3-METHYLHEXANAL	
1018	2.9002	223.653	68.266	-0.696	1.973	0	0	0	0	0	0	623369	2-METHYL-2-PENTENAL	
1019	3.4717	217.447	87.082	-0.854	2.691	0	0	0	0	0	0	645625	2-ETHYL-2-HEXENAL	
1020	3.8484	223.820	89.954	-0.741	1.593	0	0	0	0	0	0	112312	DECANAL	
1021	4.5197	226.412	86.870	-0.541	1.733	0	0	0	0	0	0	112447	UNDECANAL	
1025	4.7927	213.648	105.424	-1.100	4.088	0	0	0	0	0	0	112549	DODECANAL	
1026	5.1852	210.423	113.589	-1.247	4.995	0	0	0	0	0	0	10486198	TRIDECANAL	
1031	3.0546	193.800	53.373	-0.854	2.684	0	0	0	0	0	0	96173	2-METHYLBUTYRALDEHYDE	
1032	3.0769	196.789	51.222	-0.712	2.145	0	0	0	0	0	0	590863	3-METHYLBUTYRALDEHYDE	
1033	5.3285	181.444	29.821	-0.997	3.502	0	0	0	0	0	0	141468	GLYCOLALDEHYDE	
1034	2.7415	182.905	41.539	-1.039	3.390	0	0	0	0	0	0	107028	ACROLEIN	
1035	2.7645	211.077	43.907	-0.616	1.817	0	0	0	0	0	0	15798648	cis-CROTONALDEHYDE	
1036	2.8684	209.650	53.912	-0.700	2.000	0	0	0	0	0	0	123739	trans-CROTONALDEHYDE	
1037	2.3512	216.982	46.724	-0.556	1.726	0	0	0	0	0	0	78853	METHACROLEIN	
1039	3.3664	238.292	69.946	-0.906	2.950	0	0	0	0	0	0	529204	o-TOLUALDEHYDE	
1040	3.0807	259.027	65.916	-0.700	2.000	0	0	0	0	0	0	104870	p-TOLUALDEHYDE	
1041	2.7037	266.783	54.822	-0.627	1.896	0	0	0	0	0	0	100527	BENZALDEHYDE	
1042	4.4257	199.837	56.112	-1.499	6.170	0	0	0	0	0	0	90028	SALICYLALDEHYDE	
1044	4.2132	237.909	68.459	-0.860	2.714	0	0	0	0	0	0	623278	TEREPHTHALDEHYDE	
1045	3.3586	244.744	65.090	-0.647	1.856	0	0	0	0	0	0	620235	m-TOLUALDEHYDE	
1050	3.3786	203.332	57.915	-0.697	2.008	0	0	0	0	0	0	123637	PARALDEHYDE	
1051	2.6708	192.354	41.343	-0.768	2.356	0	0	0	0	0	0	67641	ACETONE	
1052	2.7607	200.920	48.546	-0.743	2.267	0	0	0	0	0	0	78933	METHYLETHYLKETONE	
1053	2.8754	206.107	56.453	-0.786	2.396	0	0	0	0	0	0	96220	3-PENTANONE	
1054	2.9342	213.958	62.940	-0.622	1.798	0	0	0	0	0	0	108101	METHYLISOBUTYLKETONE	
1055	3.1130	203.269	64.446	-0.849	2.672	0	0	0	0	0	0	565617	3-METHYL-2-PENTANONE	
1056	3.2712	204.128	63.639	-0.875	2.797	0	0	0	0	0	0	109499	5-HEXEN-2-ONE	
1057	3.2171	220.351	71.148	-0.547	1.440	0	0	0	0	0	0	106354	3-HEPTANONE	
1058	3.2414	215.281	72.457	-0.678	2.057	0	0	0	0	0	0	123193	4-HEPTANONE	
1059	3.0666	212.409	62.799	-0.670	1.970	0	0	0	0	0	0	589388	3-HEXANONE	
1060	2.8674	208.270	56.063	-0.700	2.015	0	0	0	0	0	0	107879	2-PENTANONE	
1061	2.7469	208.230	54.728	-0.730	2.198	0	0	0	0	0	0	563804	METHYLISOPROPYLKETONE	
1062	3.0911	214.973	62.902	-0.624	1.857	0	0	0	0	0	0	591786	2-HEXANONE	
1063	3.2800	218.067	72.595	-0.657	1.910	0	0	0	0	0	0	110430	2-HEPTANONE	
1064	3.3653	210.694	71.480	-0.742	2.302	0	0	0	0	0	0	110123	5-METHYL-2-HEXANONE	
1065	2.7714	231.483	62.241	-0.501	1.396	0	0	0	0	0	0	141797	MESITYLOXIDE	
1066	2.7816	213.820	62.026	-0.634	1.861	0	0	0	0	0	0	75978	33-DIMETHYL-2-BUTANONE	
1068	3.7999	201.825	89.781	-0.950	3.049	0	0	0	0	0	0	108838	DIISOBUTYLKETONE	
1069	3.1996	203.163	70.059	-0.822	2.573	0	0	0	0	0	0	565800	DIISOPROPYLKETONE	
1070	1.5914	91.455	299.450	-1.296	0.082	0.0008	1750	100	1	1	1	616455	2-PYRROLIDONE                 	
1071	3.0290	261.970	58.396	-0.745	2.283	0	0	0	0	0	0	872504	N-METHYL-2-PYRROLIDONE	
1072	3.3088	228.819	72.034	-0.261	0.350	0	0	0	0	0	0	624420	ETHYLISOAMYLKETONE	
1073	3.8118	216.161	92.892	-0.709	2.127	0	0	0	0	0	0	502567	5-NONANONE	
1074	3.7219	221.783	92.126	-0.718	2.161	0	0	0	0	0	0	821556	2-NONANONE	
1077	3.2662	239.640	90.277	-1.084	3.693	0	0	0	0	0	0	78591	ISOPHORONE	
1079	2.5708	241.318	51.781	-0.701	2.021	0	0	0	0	0	0	120923	CYCLOPENTANONE	
1080	2.6310	253.071	60.446	-0.633	1.920	0	0	0	0	0	0	108941	CYCLOHEXANONE	
1083	3.4796	220.000	83.152	-0.705	2.082	0	0	0	0	0	0	111137	2-OCTANONE	
1085	3.7446	274.576	89.286	-0.922	2.935	0	0	0	0	0	0	119619	BENZOPHENONE	
1090	3.0824	256.098	64.357	-0.741	2.249	0	0	0	0	0	0	98862	ACETOPHENONE	
1092	2.9591	266.553	52.879	-0.782	2.493	0	0	0	0	0	0	96480	gamma-BUTYROLACTONE	
1094	3.1919	249.889	58.632	-1.030	3.447	0	0	0	0	0	0	108292	gamma-VALEROLACTONE	
1095	3.1157	205.094	61.055	-0.686	2.024	0	0	0	0	0	0	565695	ETHYLISOPROPYLKETONE	
1096	2.5635	222.097	54.015	-0.605	1.776	0	0	0	0	0	0	814788	METHYLISOPROPENYLKETONE	
1098	3.7026	223.187	43.056	-1.059	3.635	0	0	0	0	0	0	106514	QUINONE	
1099	3.0775	219.777	38.575	-0.834	2.612	0	0	0	0	0	0	674828	DIKETENE	
1100	1.7431	174.784	25.175	-0.429	1.347	0	0	0	0	0	0	463514	KETENE	
1101	1.0000	31.500	227.920	-0.610	1.510	0.001	1280	3960	1	1	1	67561	METHANOL                      	
1102	1.2531	40.578	216.280	-0.550	0.776	0.001	1320	3920	1	1	1	64175	ETHANOL                       	
1103	1.6657	53.102	216.860	-0.937	2.015	0.0004	1280	3960	1	1	1	71238	1-PROPANOL                    	
1104	1.8173	50.086	201.370	-0.855	2.560	0.0004	1280	3960	1	1	1	67630	ISOPROPANOL                   	
1105	1.9810	55.514	228.870	-0.689	1.770	0.0004	1280	3960	1	1	1	71363	1-BUTANOL                     	
1106	1.6813	55.941	243.600	-0.444	0.554	0.00035	1280	3960	1	1	1	78831	2-METHYL-1-PROPANOL           	
1107	2.4431	48.039	210.700	-0.650	3.346	0.00025	1280	3960	1	1	1	78922	2-BUTANOL                     	
1108	2.8668	38.029	202.050	-0.189	4.865	0.0003	1280	3960	1	1	1	75650	2-METHYL-2-PROPANOL           	
1109	2.1778	63.098	232.960	-0.706	2.127	0.0005	1280	3960	1	1	1	71410	1-PENTANOL                    	
1110	1.8733	62.620	242.170	-0.426	0.911	0.0004	1280	3960	1	1	1	6032297	2-PENTANOL                    	
1111	1.0058	103.289	255.530	-1.155	0.432	0.0002	1280	3960	1	1	1	75854	2-METHYL-2-BUTANOL            	
1112	1.2083	104.392	240.470	-1.214	0.393	0.00035	1280	3960	1	1	1	137326	2-METHYL-1-BUTANOL            	
1113	2.6606	73.373	178.750	-1.593	5.539	0.0002	1280	3960	1	1	1	75843	22-DIMETHYL-1-PROPANOL        	
1114	2.4148	70.625	236.360	-0.658	1.922	0.00053	1280	3960	1	1	1	111273	1-HEXANOL                     	
1115	2.4725	74.620	216.530	-0.934	3.050	0.0004	1280	3960	1	1	1	626937	2-HEXANOL                     	
1116	1.8980	70.835	252.820	-0.443	1.009	0.0004	1280	3960	1	1	1	623370	3-HEXANOL                     	
1117	2.5847	62.144	239.740	-0.498	2.751	0.0004	1280	3960	1	1	1	105306	2-METHYL-1-PENTANOL           	
1118	3.1194	82.944	186.670	-1.411	4.718	0.0004	1280	3960	1	1	1	589355	3-METHYL-1-PENTANOL           	
1119	1.5194	77.447	261.360	-0.841	2.545	0.0004	1280	3960	1	1	1	77747	3-METHYL-3-PENTANOL           	
1120	1.8228	66.568	236.540	-0.678	1.753	0.0004	1280	3960	1	1	1	584021	3-PENTANOL                    	
1121	2.4996	93.869	242.730	-0.665	0.964	0.0004	1280	3960	1	1	1	104767	2-ETHYL-1-HEXANOL             	
1122	3.6156	94.022	177.670	-1.547	5.678	0.0004	1280	3960	1	1	1	624226	2-METHYL-1-HEXANOL            	
1123	1.7246	77.696	230.380	-0.961	1.050	0.0004	1280	3960	1	1	1	123513	3-METHYL-1-BUTANOL            	
1124	1.3741	59.732	287.740	-0.009	-0.214	0.0004	1280	3960	1	1	1	598754	3-METHYL-2-BUTANOL            	
1125	2.3771	80.932	249.720	-0.527	0.905	0.00055	1280	3960	1	1	1	111706	1-HEPTANOL                    	
1126	2.7317	78.080	224.690	-0.801	3.004	0.0004	1280	3960	1	1	1	543497	2-HEPTANOL                    	
1127	2.4912	78.070	230.930	-0.722	2.183	0.0004	1280	3960	1	1	1	589822	3-HEPTANOL                    	
1129	3.4253	100.274	181.630	-1.520	4.793	0.0004	1280	3960	1	1	1	627985	5-METHYL-1-HEXANOL            	
1130	2.6264	78.969	195.290	-1.404	5.490	0.0004	1280	3960	1	1	1	108112	4-METHYL-2-PENTANOL           	
1132	2.8176	88.568	242.000	-0.646	1.717	0.00055	1280	3960	1	1	1	111875	1-OCTANOL                     	
1133	3.0134	86.565	224.540	-0.799	2.598	0.0004	1280	3960	1	1	1	123966	2-OCTANOL                     	
1134	2.7838	117.178	232.470	-1.016	1.990	0.00053	1280	3960	1	1	1	143088	1-NONANOL                     	
1135	3.4276	100.367	215.850	-1.125	4.390	0.0004	1280	3960	1	1	1	628999	2-NONANOL                     	
1136	2.5976	148.340	234.020	-1.147	1.527	0.00053	1280	3960	1	1	1	112301	1-DECANOL                     	
1137	3.3354	126.020	239.210	-0.808	1.590	0.00053	1280	3960	1	1	1	112425	1-UNDECANOL                   	
1139	3.7940	91.672	223.630	-0.628	2.416	0.001	1280	3960	1	1	1	55505265	8-METHYL-1-NONANOL            	
1140	2.1461	240.441	239.150	-1.350	0.683	0.00053	1280	3960	1	1	1	112538	1-DODECANOL                   	
1141	2.9553	204.427	234.350	-1.220	1.362	0.00053	1280	3960	1	1	1	112709	1-TRIDECANOL                  	
1142	4.0746	168.864	232.430	-1.035	2.510	0.00053	1280	3960	1	1	1	112721	1-TETRADECANOL                	
1143	3.4232	224.640	235.330	-1.176	1.376	0.00053	1280	3960	1	1	1	629765	1-PENTADECANOL                	
1144	5.2320	162.424	234.370	-0.842	3.100	0.00053	1280	3960	1	1	1	36653824	1-HEXADECANOL                 	
1145	5.8428	160.811	235.200	-0.759	3.514	0.00053	1280	3960	1	1	1	1454859	1-HEPTADECANOL                	
1146	2.4410	451.463	237.380	-1.477	0.427	0.00053	1280	3960	1	1	1	112925	1-OCTADECANOL                 	
1147	2.2635	73.794	224.350	-0.839	1.704	0.0004	1280	3960	1	1	1	97950	2-ETHYL-1-BUTANOL             	
1149	2.5097	472.920	239.580	-1.460	0.366	0.00053	1280	3960	1	1	1	1454848	1-NONADECANOL                 	
1151	1.8213	60.223	297.330	-0.305	0.772	0.0004	2516	2516	1	1	1	108930	CYCLOHEXANOL                  	
1153	3.1043	106.026	175.240	-1.897	6.958	0.0004	1280	3960	1	1	1	7443701	cis-2-METHYLCYCLOHEXANOL      	
1155	3.1423	80.703	195.790	-1.441	4.573	0.0004	1280	3960	1	1	1	5454795	cis-3-METHYLCYCLOHEXANOL      	
1156	3.1591	80.156	197.180	-1.451	4.850	0.0004	1280	3960	1	1	1	7443552	trans-3-METHYLCYCLOHEXANOL    	
1157	3.1138	83.200	193.430	-1.517	5.032	0.0004	1280	3960	1	1	1	7731284	cis-4-METHYLCYCLOHEXANOL      	
1158	3.3887	73.656	195.610	-1.399	5.224	0.0004	1280	3960	1	1	1	7731295	trans-4-METHYLCYCLOHEXANOL    	
1159	3.8390	141.652	181.270	-1.829	6.565	0.0004	1280	3960	1	1	1	2216515	L-MENTHOL                     	
1160	2.6789	692.213	270.700	-1.546	0.345	0.0004	1280	3960	1	1	1	83465	SITOSTEROL                    	
1162	3.2753	127.022	199.830	-1.621	4.716	0.0004	1280	3960	1	1	1	98555	alpha-TERPINEOL               	
1163	2.7690	130.131	205.980	-1.519	3.219	0.0004	1280	3960	1	1	1	138874	beta-TERPINEOL                	
1165	4.9274	150.740	184.130	-1.479	4.344	0.0004	1280	3960	1	1	1	10522266	2-METHYL-1-UNDECANOL          	
1167	1.9812	50.626	201.400	-1.275	4.122	0.0004	2516	2516	1	1	1	107186	ALLYLALCOHOL                  	
1168	5.3158	74.372	183.780	-1.824	10.696	0.0002	1280	3960	1	1	1	617947	2-PHENYL-2-PROPANOL           	
1169	3.7957	196.051	186.600	-1.525	2.504	0.0002	1280	3960	1	1	1	3913028	2-BUTYL-OCTAN-1-OL            	
1170	1.7243	123.897	240.970	-1.576	1.398	0.0004	2013	2013	1	1	1	526750	23-XYLENOL                    	
1171	2.2726	105.176	257.110	-1.155	0.206	0.0004	540	1660	1	1	1	4286231	p-ISOPROPENYLPHENOL           	
1172	1.7123	130.798	239.560	-1.538	1.225	0.0004	2013	2013	1	1	1	105679	24-XYLENOL                    	
1174	3.1577	74.234	218.550	-1.501	4.241	0.0004	2013	2013	1	1	1	95874	25-XYLENOL                    	
1176	1.5804	138.768	241.840	-1.576	1.427	0.0004	2013	2013	1	1	1	576261	26-XYLENOL                    	
1177	1.8655	119.553	237.450	-1.564	1.322	0.0004	2013	2013	1	1	1	95658	34-XYLENOL                    	
1178	1.6560	145.128	256.810	-1.372	0.437	0.0004	2013	2013	1	1	1	108689	35-XYLENOL                    	
1179	2.3358	70.739	179.560	-1.896	5.956	0.0001	1280	3960	1	1	1	107197	PROPARGYLALCOHOL              	
1180	4.7808	35.840	264.490	0.166	5.718	0.0001	1280	3960	1	1	1	100516	BENZYLALCOHOL                 	
1181	1.5023	88.596	255.560	-1.407	0.381	0.0004	880	1620	1	1	1	108952	PHENOL                        	
1182	1.5847	103.119	254.240	-1.435	1.128	0.0004	2013	2013	1	1	1	95487	o-CRESOL                      	
1183	1.5513	114.444	260.570	-1.334	0.020	0.0004	255	2545	1	1	1	108394	m-CRESOL                      	
1184	1.6288	108.229	248.690	-1.484	1.029	0.0004	2013	2013	1	1	1	106445	p-CRESOL                      	
1185	1.6105	133.732	244.820	-1.526	1.189	0.0004	2013	2013	1	1	1	90006	o-ETHYLPHENOL                 	
1186	5.1473	30.157	303.550	0.663	0.694	0.0001	540	1660	1	1	1	123319	p-HYDROQUINONE                	
1187	6.6345	33.728	234.150	-0.296	9.432	0.0004	2013	2013	1	1	1	123079	p-ETHYLPHENOL                 	
1197	1.5223	175.037	265.810	-1.373	-0.228	0.0004	540	1660	1	1	1	98544	p-tert-BUTYLPHENOL            	
1199	3.9354	167.907	230.430	-1.160	0.861	0.0004	540	1660	1	1	1	25154523	NONYLPHENOL                   	
1201	2.6261	41.127	244.760	-1.327	5.246	0.0004	2013	2013	2	1	1	107211	ETHYLENEGLYCOL                	
1202	1.9411	116.663	248.530	-1.481	1.686	0.0004	2013	2013	2	1	1	111466	DIETHYLENEGLYCOL              	
1204	2.5006	261.393	226.910	-1.707	2.591	0.0004	1280	3960	2	1	1	112607	TETRAETHYLENEGLYCOL           	
1211	4.1580	127.502	140.740	-2.369	12.351	0.0004	1280	3960	2	1	1	57556	12-PROPYLENEGLYCOL            	
1212	3.5881	45.282	200.420	-1.893	7.994	0.0004	2013	2013	2	1	1	504632	13-PROPYLENEGLYCOL            	
1219	6.2287	36.668	199.340	-2.167	23.388	0.0004	1280	3960	2	1	1	2163420	2-METHYL-13-PROPANEDIOL       	
1220	3.1364	54.050	220.930	-1.731	12.326	0.0004	1280	3960	2	1	1	584032	12-BUTANEDIOL                 	
1221	5.8263	46.348	203.670	-1.146	10.018	0.0004	2013	2013	2	1	1	107880	13-BUTANEDIOL                 	
1222	4.7507	106.881	149.690	-2.275	12.627	0.0004	1280	3960	2	1	1	107415	HEXYLENEGLYCOL                	
1231	11.8092	11.852	284.330	1.779	17.746	0.0001	2013	2013	3	1	1	56815	Glycerol                      	
1235	3.7163	102.244	225.860	-1.735	7.679	0.0004	1280	3960	2	1	1	98293	p-tert-BUTYLCATECHOL          	
1236	2.6602	130.162	229.790	-1.506	5.861	0.0004	1280	3960	2	1	1	144194	224-TRIMETHYL-13-PENTANED     	
1241	3.8956	74.923	181.940	-1.945	8.975	0.0004	1280	3960	2	1	1	110634	14-BUTANEDIOL                 	
1242	6.8716	80.034	160.980	-2.342	15.682	0.0004	1280	3960	2	1	1	111295	15-PENTANEDIOL                	
1244	3.4088	99.468	188.400	-2.306	11.152	0.0004	1280	3960	2	1	1	120809	12-BENZENEDIOL                	
1245	3.4354	50.462	246.300	-1.665	8.389	0.0004	1280	3960	2	1	1	108463	13-BENZENEDIOL                	
1248	4.1055	110.876	189.120	-2.378	12.549	0.0004	1280	3960	3	1	1	87661	123-BENZENETRIOL              	
1291	3.4818	212.486	51.556	-0.640	1.893	0	0	0	0	0	0	108247	ACETICANHYDRIDE	
1292	4.0776	199.040	68.318	-1.008	3.418	0	0	0	0	0	0	123626	PROPIONICANHYDRIDE	
1293	4.6349	194.465	88.516	-1.183	4.349	0	0	0	0	0	0	106310	BUTYRICANHYDRIDE	
1295	3.9178	250.776	49.088	-1.342	5.001	0	0	0	0	0	0	108305	SUCCINICANHYDRIDE	
1296	3.9465	269.005	53.005	-1.064	3.800	0	0	0	0	0	0	108554	GLUTARICANHYDRIDE	
1297	4.9240	216.754	76.598	-1.777	7.858	0	0	0	0	0	0	85449	PHTHALICANHYDRIDE	
1301	2.4032	197.964	30.163	-0.546	1.683	0	0	0	0	0	0	107313	METHYLFORMATE	
1302	2.5556	199.659	39.882	-0.613	1.835	0	0	0	0	0	0	109944	ETHYLFORMATE	
1303	2.6830	210.847	47.516	-0.478	1.351	0	0	0	0	0	0	110747	n-PROPYLFORMATE	
1304	3.1086	201.804	57.315	-0.713	2.154	0	0	0	0	0	0	592847	n-BUTYLFORMATE	
1305	3.1184	195.000	53.306	-0.868	2.750	0	0	0	0	0	0	542552	ISOBUTYLFORMATE	
1306	3.8221	182.721	72.106	-1.192	4.124	0	0	0	0	0	0	638493	n-PENTYLFORMATE	
1308	4.2360	194.972	110.286	-1.357	5.183	0	0	0	0	0	0	112323	n-OCTYLFORMATE	
1309	4.6102	201.668	106.579	-1.062	3.872	0	0	0	0	0	0	5451923	n-NONYLFORMATE	
1310	4.9806	201.627	115.519	-1.102	4.144	0	0	0	0	0	0	5451525	n-DECYLFORMATE	
1311	2.5566	200.691	35.051	-0.393	1.077	0	0	0	0	0	0	692455	VINYLFORMATE	
1312	2.8030	189.053	39.919	-0.731	2.152	0	0	0	0	0	0	79209	METHYLACETATE	
1313	2.9921	193.151	48.203	-0.636	1.845	0	0	0	0	0	0	141786	ETHYLACETATE	
1314	3.1146	197.613	59.306	-0.705	1.864	0	0	0	0	0	0	109604	n-PROPYLACETATE	
1315	3.3931	201.190	65.591	-0.736	2.237	0	0	0	0	0	0	123864	n-BUTYLACETATE	
1316	3.3631	196.835	65.626	-0.728	2.221	0	0	0	0	0	0	110190	ISOBUTYLACETATE	
1317	3.1644	189.673	92.721	-1.133	2.117	0	0	0	0	0	0	123922	ISOPENTYLACETATE	
1318	3.1091	195.533	58.628	-0.968	3.196	0	0	0	0	0	0	591877	ALLYLACETATE	
1319	2.9997	194.306	58.891	-0.700	2.000	0	0	0	0	0	0	108214	ISOPROPYLACETATE	
1320	3.1502	202.081	63.099	-0.688	2.026	0	0	0	0	0	0	105464	sec-BUTYLACETATE	
1321	2.9104	191.659	48.201	-0.699	2.000	0	0	0	0	0	0	108054	VINYLACETATE	
1322	2.8851	200.041	47.091	-0.570	1.627	0	0	0	0	0	0	554121	METHYLPROPIONATE	
1323	3.1447	199.779	56.102	-0.569	1.635	0	0	0	0	0	0	105373	ETHYLPROPIONATE	
1324	3.4449	196.401	66.149	-0.799	2.526	0	0	0	0	0	0	106365	n-PROPYLPROPIONATE	
1326	3.5328	206.057	73.059	-0.687	1.979	0	0	0	0	0	0	590012	n-BUTYLPROPIONATE	
1327	3.3603	208.422	76.924	-0.723	2.159	0	0	0	0	0	0	105668	n-PROPYLn-BUTYRATE	
1331	3.0671	199.570	52.738	-0.645	1.879	0	0	0	0	0	0	105384	VINYLPROPIONATE	
1332	3.0524	204.031	56.241	-0.604	1.725	0	0	0	0	0	0	623427	METHYLn-BUTYRATE	
1333	3.1814	203.890	69.675	-0.756	2.415	0	0	0	0	0	0	105544	ETHYLn-BUTYRATE	
1336	3.6420	198.101	70.147	-0.725	2.143	0	0	0	0	0	0	644495	n-PROPYLISOBUTYRATE	
1341	2.8620	198.617	46.872	-0.750	2.367	0	0	0	0	0	0	96333	METHYLACRYLATE	
1342	3.0214	201.997	54.344	-0.694	2.057	0	0	0	0	0	0	140885	ETHYLACRYLATE	
1343	3.3492	201.879	60.477	-0.641	1.837	0	0	0	0	0	0	925600	n-PROPYLACRYLATE	
1344	3.6302	197.991	76.382	-1.013	3.494	0	0	0	0	0	0	141322	n-BUTYLACRYLATE	
1346	4.2852	200.589	92.319	-0.915	3.076	0	0	0	0	0	0	591684	n-BUTYLVALERATE	
1347	3.1754	213.782	71.739	-0.582	1.605	0	0	0	0	0	0	108645	ETHYLISOVALERATE	
1351	2.5319	234.315	52.142	-0.205	0.590	0	0	0	0	0	0	80626	METHYLMETHACRYLATE	
1352	2.8668	214.520	65.383	-0.702	2.093	0	0	0	0	0	0	97632	ETHYLMETHACRYLATE	
1353	3.1567	218.766	71.100	-0.569	1.604	0	0	0	0	0	0	2210288	n-PROPYLMETHACRYLATE	
1355	7.4096	232.095	215.766	-1.154	4.762	0	0	0	0	0	0	27554263	DIISOOCTYLPHTHALATE	
1356	7.4533	228.455	218.417	-1.185	4.976	0	0	0	0	0	0	19295819	12-HeptylNonylPhthalate	
1357	3.4399	208.844	75.926	-0.727	2.146	0	0	0	0	0	0	628637	n-PENTYLACETATE	
1359	3.5828	240.216	76.007	-0.731	2.202	0	0	0	0	0	0	140114	BENZYLACETATE	
1360	3.1787	219.342	79.444	-0.548	1.394	0	0	0	0	0	0	97858	ISOBUTYLISOBUTYRATE	
1361	4.1858	194.118	114.272	-1.333	5.133	0	0	0	0	0	0	659701	ISOPENTYLISOVALERATE	
1362	7.1477	209.041	183.544	-1.199	5.035	0	0	0	0	0	0	112629	METHYLOLEATE	
1363	3.9603	201.771	85.336	-0.900	2.921	0	0	0	0	0	0	142927	n-HEXYLACETATE	
1364	4.2543	267.624	103.441	-0.756	2.588	0	0	0	0	0	0	120514	BENZYLBENZOATE	
1365	4.1753	229.830	99.344	-1.014	3.519	0	0	0	0	0	0	136607	n-BUTYLBENZOATE	
1366	3.4092	290.873	38.904	-0.567	2.454	0	0	0	0	0	0	96491	ETHYLENECARBONATE	
1367	4.2782	203.049	93.767	-0.919	3.071	0	0	0	0	0	0	112061	n-HEPTYLACETATE	
1368	4.6425	201.488	103.222	-0.996	3.513	0	0	0	0	0	0	112141	n-OCTYLACETATE	
1369	4.9307	202.488	108.665	-0.928	3.157	0	0	0	0	0	0	143135	n-NONYLACETATE	
1370	5.2291	209.663	121.665	-0.740	2.705	0	0	0	0	0	0	112174	n-DECYLACETATE	
1371	6.2947	252.678	302.573	-1.302	5.600	0	0	0	0	0	0	26761400	DIISODECYLPHTHALATE	
1373	4.2023	207.723	72.867	-1.482	5.631	0	0	0	0	0	0	119368	METHYLSALICYLATE	
1375	4.8974	249.061	123.666	-0.580	1.457	0	0	0	0	0	0	131168	DI-n-PROPYLPHTHALATE	
1376	6.2637	218.469	130.859	-0.995	3.599	0	0	0	0	0	0	84695	DIISOBUTYLPHTHALATE	
1378	6.1008	259.994	284.162	-1.031	3.752	0	0	0	0	0	0	84775	DI-n-DECYLPHTHALATE	
1380	7.6598	216.022	164.262	-1.099	4.481	0	0	0	0	0	0	84753	DI-n-HEXYLPHTHALATE	
1381	4.1986	238.074	109.322	-1.268	4.643	0	0	0	0	0	0	120616	DIMETHYLTEREPHTHALATE	
1382	7.4198	234.159	217.219	-1.119	4.650	0	0	0	0	0	0	4654266	DI-n-OCTYLTEREPHTHALATE	
1383	6.9810	209.717	214.736	-1.212	5.068	0	0	0	0	0	0	123955	n-BUTYLSTEARATE	
1384	7.6598	207.633	173.016	-1.188	5.103	0	0	0	0	0	0	109433	DIBUTYLSEBACATE	
1385	3.6291	208.139	85.957	-0.836	2.634	0	0	0	0	0	0	109217	n-BUTYLn-BUTYRATE	
1386	4.7457	196.978	113.233	-1.190	4.581	0	0	0	0	0	0	103117	2-ETHYLHEXYLACRYLATE	
1387	4.0753	200.920	83.619	-1.250	4.204	0	0	0	0	0	0	111557	ETHYLENEGLYCOLDIACETATE	
1388	3.2883	216.177	81.594	-0.740	2.263	0	0	0	0	0	0	97869	ISOBUTYLMETHACRYLATE	
1389	3.4338	219.108	79.596	-0.587	1.622	0	0	0	0	0	0	97881	n-BUTYLMETHACRYLATE	
1390	3.2883	244.794	68.713	-0.735	2.216	0	0	0	0	0	0	93583	METHYLBENZOATE	
1391	3.6042	232.865	80.788	-0.971	3.292	0	0	0	0	0	0	93890	ETHYLBENZOATE	
1392	3.6528	194.520	59.880	-0.852	2.910	0	0	0	0	0	0	105588	DIETHYLCARBONATE	
1393	5.5769	198.372	73.668	-0.411	3.329	0	0	0	0	0	0	95921	DIETHYLOXALATE	
1394	4.4029	206.834	79.402	-0.909	3.075	0	0	0	0	0	0	105533	DIETHYLMALONATE	
1395	4.0151	236.529	107.906	-0.363	0.642	0	0	0	0	0	0	110429	METHYLDECANOATE	
1397	4.5553	232.543	96.972	-0.834	2.649	0	0	0	0	0	0	94600	DIMETHYL-14-CYCLOHEXANEDICA	
1399	6.9535	242.053	253.509	-1.174	4.806	0	0	0	0	0	0	65185888	12-HeptylUndecylPhthalate	
1401	2.1177	169.874	29.096	-0.608	1.915	0	0	0	0	0	0	115106	DIMETHYLETHER	
1402	2.5366	186.702	46.333	-0.497	1.520	0	0	0	0	0	0	60297	DIETHYLETHER	
1403	2.8427	184.018	65.932	-0.806	2.475	0	0	0	0	0	0	108203	DIISOPROPYLETHER	
1404	3.4388	203.831	82.746	-0.705	2.071	0	0	0	0	0	0	142961	DI-n-BUTYLETHER	
1405	2.3559	206.265	55.082	-0.429	1.274	0	0	0	0	0	0	1634044	METHYLtert-BUTYLETHER	
1406	3.3514	193.150	80.933	-0.847	2.564	0	0	0	0	0	0	6863587	DI-sec-BUTYLETHER	
1407	2.2778	187.133	35.508	-0.308	0.994	0	0	0	0	0	0	540670	METHYLETHYLETHER	
1408	2.5151	185.586	48.090	-0.693	1.956	0	0	0	0	0	0	557175	METHYLn-PROPYLETHER	
1409	3.1930	198.087	70.178	-0.636	1.833	0	0	0	0	0	0	1860271	ISOPROPYLBUTYLETHER	
1410	2.6777	189.210	54.876	-0.694	1.980	0	0	0	0	0	0	625445	METHYLISOBUTYLETHER	
1411	2.4554	185.004	46.571	-0.619	1.832	0	0	0	0	0	0	598538	METHYLISOPROPYLETHER	
1412	4.9727	201.868	116.992	-0.887	2.916	0	0	0	0	0	0	112583	DI-n-HEXYLETHER	
1413	2.7053	196.569	55.901	-0.628	1.843	0	0	0	0	0	0	628284	METHYLn-BUTYLETHER	
1414	2.5893	178.184	41.599	-0.713	2.060	0	0	0	0	0	0	109933	DIVINYLETHER	
1415	2.8890	188.136	54.876	-0.628	2.108	0	0	0	0	0	0	628320	ETHYLPROPYLETHER	
1418	6.8308	204.558	173.689	-1.129	4.510	0	0	0	0	0	0	2456271	DINONYLETHER	
1419	3.0198	255.421	59.245	-0.705	2.107	0	0	0	0	0	0	496140	PHTHALAN	
1420	3.6466	247.598	85.213	-0.708	2.104	0	0	0	0	0	0	104461	ANETHOLE	
1421	2.5272	227.400	43.612	-0.746	2.241	0	0	0	0	0	0	123911	14-DIOXANE	
1422	2.8158	220.973	40.313	-0.862	2.584	0	0	0	0	0	0	110883	TRIOXANE	
1423	2.6284	217.410	84.373	-0.445	1.103	0	0	0	0	0	0	6163662	DI-tert-BUTYLETHER	
1424	6.3795	207.712	137.173	-0.708	2.216	0	0	0	0	0	0	629823	DI-n-OCTYLETHER	
1425	4.3187	192.384	109.142	-1.154	4.251	0	0	0	0	0	0	693652	DI-n-PENTYLETHER	
1426	2.6692	192.090	53.769	-0.619	1.813	0	0	0	0	0	0	6795875	METHYLsec-BUTYLETHER	
1427	2.6263	208.091	64.452	-0.587	1.713	0	0	0	0	0	0	994058	METHYLtert-PENTYLETHER	
1428	2.7223	195.347	63.349	-0.594	1.648	0	0	0	0	0	0	637923	tert-BUTYLETHYLETHER	
1429	2.8722	204.901	64.875	-0.629	1.835	0	0	0	0	0	0	628808	METHYLn-PENTYLETHER	
1430	2.8400	204.370	73.081	-0.679	2.033	0	0	0	0	0	0	919948	ETHYLtert-PENTYLETHER	
1431	2.5603	193.653	42.936	-0.401	1.179	0	0	0	0	0	0	109875	METHYLAL	
1432	3.6596	177.037	63.170	-1.064	3.707	0	0	0	0	0	0	105577	ACETAL	
1433	3.0579	196.526	68.451	-0.644	1.873	0	0	0	0	0	0	78448336	ISOPROPYLISOBUTYLETHER	
1434	2.9315	193.126	61.349	-0.635	1.856	0	0	0	0	0	0	627021	ETHYLISOBUTYLETHER	
1435	4.2782	234.584	79.326	-0.717	2.106	0	0	0	0	0	0	122601	12-EPOXY-3-PHENOXYPROPANE	
1440	1.9691	229.125	44.142	-0.565	1.745	0	0	0	0	0	0	558305	12-EPOXY-2-METHYLPROPANE	
1441	2.1034	202.814	24.798	-0.499	1.651	0	0	0	0	0	0	75218	ETHYLENEOXIDE	
1442	2.4695	188.958	37.953	-0.724	2.168	0	0	0	0	0	0	75569	12-PROPYLENEOXIDE	
1443	2.1192	220.801	35.251	-0.591	1.803	0	0	0	0	0	0	503300	13-PROPYLENEOXIDE	
1445	2.4601	186.873	45.025	-0.694	1.996	0	0	0	0	0	0	109922	ETHYLVINYLETHER	
1446	3.0051	192.701	64.527	-0.757	2.306	0	0	0	0	0	0	111433	DI-n-PROPYLETHER	
1447	3.0671	196.094	60.946	-0.638	1.853	0	0	0	0	0	0	111342	BUTYLVINYLETHER	
1448	3.0955	191.977	63.996	-0.718	2.210	0	0	0	0	0	0	628819	BUTYLETHYLETHER	
1449	3.6398	275.091	120.821	-0.313	0.452	0	0	0	0	0	0	93969	BIS(alpha-METHYLBENZYL)ETHE	
1454	5.4723	193.844	89.121	-0.936	3.201	0	0	0	0	0	0	112492	TRIETHYLENEGLYCOLDIMETHYL	
1455	2.8900	201.531	49.435	-0.590	1.692	0	0	0	0	0	0	110714	12-DIMETHOXYETHANE	
1456	4.1799	195.777	72.850	-0.891	2.955	0	0	0	0	0	0	111966	DIETHYLENEGLYCOLDIMETHYLE	
1457	6.5865	193.785	120.062	-1.330	5.836	0	0	0	0	0	0	143248	TETRAETHYLENEGLYCOLDIMETHY	
1458	4.7921	187.669	93.230	-1.164	4.429	0	0	0	0	0	0	112367	DIETHYLENEGLYCOLDIETHYLET	
1459	5.8124	184.659	151.972	-1.634	7.468	0	0	0	0	0	0	112732	DIETHYLENEGLYCOLDI-n-BUTYL	
1460	3.3586	230.695	76.298	-0.792	2.482	0	0	0	0	0	0	539300	BENZYLETHYLETHER	
1461	2.9045	239.140	55.605	-0.694	2.061	0	0	0	0	0	0	100663	ANISOLE	
1462	3.2739	230.226	66.557	-0.685	2.026	0	0	0	0	0	0	103731	PHENETOLE	
1463	4.2574	262.865	90.636	-0.324	0.209	0	0	0	0	0	0	103504	DIBENZYLETHER	
1464	3.2232	225.393	60.164	-0.669	1.964	0	0	0	0	0	0	106923	ALLYLGLYCIDYLETHER	
1465	3.3903	260.306	93.872	-0.980	3.269	0	0	0	0	0	0	101848	DIPHENYLETHER	
1466	3.4265	233.538	82.818	-0.728	2.159	0	0	0	0	0	0	19177049	1-METHYL-3-(METHYLETHOXY)BEN	
1467	3.0198	270.686	71.543	-0.664	1.959	0	0	0	0	0	0	106538389	23452'3'4'5'-OCTAHYDR	
1468	2.7837	189.826	50.598	-0.753	2.319	0	0	0	0	0	0	534156	11-DIMETHOXYETHANE	
1469	7.7586	207.364	137.145	-1.193	5.089	0	0	0	0	0	0	1191873	PENTAETHYLENEGLYCOLDIMETHY	
1470	2.3305	179.284	35.246	-0.559	1.681	0	0	0	0	0	0	107255	METHYLVINYLETHER	
1471	2.2938	216.926	45.439	-0.565	1.684	0	0	0	0	0	0	106887	12-EPOXYBUTANE	
1477	2.2175	225.035	38.206	-0.600	1.710	0	0	0	0	0	0	1708298	25-DIHYDROFURAN	
1478	2.1243	214.757	32.705	-0.358	1.235	0	0	0	0	0	0	110009	FURAN	
1479	2.2468	225.569	39.354	-0.542	1.691	0	0	0	0	0	0	109999	TETRAHYDROFURAN	
1480	3.1688	294.625	81.591	-0.752	2.373	0	0	0	0	0	0	132649	DIBENZOFURAN	
1482	3.1924	195.663	78.731	-0.703	2.038	0	0	0	0	0	0	110054	DI-t-BUTYLPEROXIDE	
1485	3.0399	258.888	66.421	-0.576	1.898	0	0	0	0	0	0	4265252	2-METHYLBENZOFURAN	
1486	6.3423	231.462	99.111	-1.002	3.666	0	0	0	0	0	0	98497	p-DIISOPROPYLBENZENEHYDROPE	
1487	3.1864	203.045	68.686	-0.646	1.868	0	0	0	0	0	0	39972786	ALLYL-TERT-BUTYLPEROXIDE	
1488	4.5244	231.463	156.101	-0.809	2.520	0	0	0	0	0	0	1243297100	1-tert-BUTOXY-2-[2-(tert-BUT	
1489	2.9153	202.039	56.916	-0.647	1.896	0	0	0	0	0	0	7778850	12-DIMETHOXYPROPANE	
1490	2.8975	208.933	78.783	-0.634	1.849	0	0	0	0	0	0	32970459	sec-BUTYL-tert-BUTYLETHER	
1491	2.9002	209.618	77.702	-0.588	1.686	0	0	0	0	0	0	33021022	ISOBUTYL-tert-BUTYLETHER	
1501	2.0790	240.329	47.007	-0.530	1.664	0	0	0	0	0	0	56235	CARBONTETRACHLORIDE	
1502	1.8691	185.149	25.463	-0.637	1.891	0	0	0	0	0	0	74873	METHYLCHLORIDE	
1503	2.0587	199.907	33.679	-0.526	1.677	0	0	0	0	0	0	75003	ETHYLCHLORIDE	
1504	1.6169	226.753	27.333	0.064	0.529	0	0	0	0	0	0	75014	VINYLCHLORIDE	
1505	2.7864	245.724	61.862	-0.602	1.746	0	0	0	0	0	0	110576	14-DICHLORO-trans-2-BUTENE	
1506	2.2592	246.368	48.228	-0.573	1.711	0	0	0	0	0	0	10061015	cis-13-DICHLOROPROPENE	
1507	2.2365	252.035	49.493	-0.574	1.645	0	0	0	0	0	0	10061026	trans-13-DICHLOROPROPENE	
1508	2.7746	244.902	63.982	-0.578	1.657	0	0	0	0	0	0	110565	14-DICHLOROBUTANE	
1509	3.0475	245.669	73.968	-0.612	1.747	0	0	0	0	0	0	628762	15-DICHLOROPENTANE	
1511	2.1095	227.753	29.962	-0.253	1.106	0	0	0	0	0	0	75092	DICHLOROMETHANE	
1521	2.2288	232.885	34.781	-0.310	1.343	0	0	0	0	0	0	67663	CHLOROFORM	
1522	2.2907	216.925	38.717	-0.535	1.679	0	0	0	0	0	0	75343	11-DICHLOROETHANE	
1523	2.5656	214.246	41.067	-0.821	2.537	0	0	0	0	0	0	107062	12-DICHLOROETHANE	
1524	2.4215	243.987	49.766	-0.540	1.648	0	0	0	0	0	0	79005	112-TRICHLOROETHANE	
1525	2.3150	285.754	78.582	-0.573	1.800	0	0	0	0	0	0	67721	HEXACHLOROETHANE	
1526	2.4074	227.131	52.226	-0.692	2.039	0	0	0	0	0	0	78875	12-DICHLOROPROPANE	
1527	2.2103	228.226	48.507	-0.569	1.756	0	0	0	0	0	0	71556	111-TRICHLOROETHANE	
1528	2.3336	259.637	56.790	-0.438	1.306	0	0	0	0	0	0	630206	1112-TETRACHLOROETHANE	
1529	2.3569	272.840	55.352	-0.263	0.758	0	0	0	0	0	0	79345	1122-TETRACHLOROETHANE	
1530	2.1095	209.750	41.401	-0.527	1.595	0	0	0	0	0	0	75296	ISOPROPYLCHLORIDE	
1531	1.8641	244.114	40.762	-0.548	1.680	0	0	0	0	0	0	624657	PROPARGYLCHLORIDE	
1532	2.6660	252.022	61.843	-0.606	1.769	0	0	0	0	0	0	96184	123-TRICHLOROPROPANE	
1534	2.3305	218.120	50.281	-0.509	1.577	0	0	0	0	0	0	513360	ISOBUTYLCHLORIDE	
1535	2.0729	216.607	51.324	-0.613	1.838	0	0	0	0	0	0	507200	tert-BUTYLCHLORIDE	
1536	2.6300	232.563	60.378	-0.631	1.900	0	0	0	0	0	0	616217	12-DICHLOROBUTANE	
1537	2.4690	241.348	58.777	-0.533	1.668	0	0	0	0	0	0	7581977	23-DICHLOROBUTANE	
1541	2.2016	231.897	45.542	-0.742	1.910	0	0	0	0	0	0	79016	TRICHLOROETHYLENE	
1542	2.1872	265.877	51.116	-0.416	1.299	0	0	0	0	0	0	127184	TETRACHLOROETHYLENE	
1544	1.8531	240.427	41.184	-0.316	1.164	0	0	0	0	0	0	107051	3-CHLOROPROPENE	
1561	1.9563	380.887	78.709	0.794	-1.367	0	0	0	0	0	0	87683	HEXACHLORO-13-BUTADIENE	
1562	2.7085	263.782	64.009	-0.598	1.725	0	0	0	0	0	0	100447	BENZYLCHLORIDE	
1563	2.8625	258.174	72.523	-0.597	1.722	0	0	0	0	0	0	608231	3-CHLORO-o-XYLENE	
1564	2.8878	258.450	74.436	-0.611	1.770	0	0	0	0	0	0	615601	4-CHLORO-o-XYLENE	
1571	2.3736	254.730	53.508	-0.634	1.885	0	0	0	0	0	0	108907	MONOCHLOROBENZENE	
1572	2.2149	308.913	60.826	-0.198	0.710	0	0	0	0	0	0	95501	o-DICHLOROBENZENE	
1573	2.5256	266.336	64.290	-0.692	1.991	0	0	0	0	0	0	541731	m-DICHLOROBENZENE	
1574	2.5550	268.070	62.966	-0.630	1.839	0	0	0	0	0	0	106467	p-DICHLOROBENZENE	
1575	3.7174	319.548	74.827	0.729	-3.506	0	0	0	0	0	0	118741	HEXACHLOROBENZENE	
1576	2.4256	295.622	83.155	-0.601	1.779	0	0	0	0	0	0	98077	BENZOTRICHLORIDE	
1577	2.6596	252.924	62.060	-0.638	1.913	0	0	0	0	0	0	95498	o-CHLOROTOLUENE	
1578	2.7016	255.338	60.994	-0.571	1.735	0	0	0	0	0	0	106434	p-CHLOROTOLUENE	
1579	2.9520	259.002	71.834	-0.699	2.007	0	0	0	0	0	0	95738	24-DICHLOROTOLUENE	
1580	1.7888	266.823	37.808	-0.074	0.667	0	0	0	0	0	0	156592	cis-12-DICHLOROETHYLENE	
1581	2.2365	209.343	37.753	-0.768	2.325	0	0	0	0	0	0	156605	trans-12-DICHLOROETHYLENE	
1582	3.0846	270.381	89.164	-0.700	2.089	0	0	0	0	0	0	77474	HEXACHLOROCYCLOPENTADIENE	
1583	2.1034	234.570	44.119	-0.303	1.493	0	0	0	0	0	0	126998	CHLOROPRENE	
1585	2.1934	215.582	42.035	-0.431	1.445	0	0	0	0	0	0	540545	PROPYLCHLORIDE	
1586	2.3595	215.948	56.345	-0.656	1.734	0	0	0	0	0	0	109693	n-BUTYLCHLORIDE	
1587	2.5872	196.340	53.205	-0.880	2.737	0	0	0	0	0	0	78864	sec-BUTYLCHLORIDE	
1588	2.6110	215.826	66.999	-0.807	2.255	0	0	0	0	0	0	543599	1-CHLOROPENTANE	
1589	3.0807	284.068	83.386	-0.700	2.000	0	0	0	0	0	0	90131	1-CHLORONAPHTHALENE	
1590	2.3507	274.913	66.415	-0.473	1.455	0	0	0	0	0	0	76017	PENTACHLOROETHANE	
1592	2.9472	260.795	74.812	-0.885	2.795	0	0	0	0	0	0	120821	124-TRICHLOROBENZENE	
1593	2.7955	242.899	61.357	-0.610	1.771	0	0	0	0	0	0	1476115	14-DICHLORO-cis-2-BUTENE	
1594	2.7538	163.044	30.311	-0.988	3.143	0	0	0	0	0	0	506774	CYANOGENCHLORIDE	
1595	1.8716	215.736	40.339	-0.539	1.681	0	0	0	0	0	0	557982	2-CHLOROPROPENE	
1596	3.4757	248.162	70.615	-0.838	2.685	0	0	0	0	0	0	618462	m-CHLOROBENZOYLCHLORIDE	
1597	2.6146	239.568	51.860	-0.237	0.586	0	0	0	0	0	0	760236	34-DICHLORO-1-BUTENE	
1598	2.3067	267.917	55.825	-0.116	0.386	0	0	0	0	0	0	10075384	(Z)-13-DICHLORO-2-BUTENE	
1599	2.7768	266.682	79.452	-0.933	2.943	0	0	0	0	0	0	98873	BENZYLDICHLORIDE	
1600	2.1719	175.124	30.849	-0.779	2.424	0	0	0	0	0	0	593704	CHLOROFLUOROMETHANE	
1601	2.0135	169.885	35.761	-0.484	1.613	0	0	0	0	0	0	75718	DICHLORODIFLUOROMETHANE	
1602	2.0627	205.942	40.646	-0.484	1.644	0	0	0	0	0	0	75694	TRICHLOROFLUOROMETHANE	
1604	2.2149	157.565	27.396	-0.431	1.440	0	0	0	0	0	0	75456	CHLORODIFLUOROMETHANE	
1606	1.9731	134.277	30.139	-0.492	1.632	0	0	0	0	0	0	75729	CHLOROTRIFLUOROMETHANE	
1608	2.3559	173.595	42.976	-0.649	1.992	0	0	0	0	0	0	75887	2-CHLORO-111-TRIFLUOROETHA	
1609	2.3845	168.385	49.085	-0.635	1.879	0	0	0	0	0	0	76142	12-DICHLOROTETRAFLUOROETHAN	
1610	2.9223	150.592	51.325	-0.683	2.027	0	0	0	0	0	0	22410442	PENTAFLUOROETHYLMETHYLETHE	
1611	2.3383	203.489	52.233	-0.427	1.371	0	0	0	0	0	0	124732	12-DIBROMOTETRAFLUOROETHANE	
1612	2.1760	169.188	34.398	-0.542	1.613	0	0	0	0	0	0	359104	2-CHLORO-11-DIFLUOROETHYLEN	
1613	2.0897	130.756	22.644	-0.824	2.373	0	0	0	0	0	0	593533	METHYLFLUORIDE	
1614	2.5156	135.787	23.701	-0.777	2.380	0	0	0	0	0	0	75105	DIFLUOROMETHANE	
1615	2.4475	117.658	24.059	-0.717	2.145	0	0	0	0	0	0	75467	TRIFLUOROMETHANE	
1616	2.0100	99.919	23.529	-0.529	1.759	0	0	0	0	0	0	75730	CARBONTETRAFLUORIDE	
1617	2.2083	153.484	29.920	-0.738	2.231	0	0	0	0	0	0	353366	ETHYLFLUORIDE	
1619	2.4334	135.776	36.048	-0.759	2.296	0	0	0	0	0	0	420462	111-TRIFLUOROETHANE	
1620	3.1233	144.613	43.687	-0.636	1.791	0	0	0	0	0	0	690391	111333-HEXAFLUOROPROPAN	
1621	2.9088	155.973	45.216	-0.451	1.135	0	0	0	0	0	0	685632	HEXAFLUORO-13-BUTADIENE	
1622	2.9921	141.755	60.194	-0.673	1.902	0	0	0	0	0	0	355259	DECAFLUOROBUTANE	
1623	3.7140	156.910	80.131	-0.466	1.025	0	0	0	0	0	0	355420	PERFLUORO-n-HEXANE	
1625	3.7816	167.772	118.416	-0.716	1.344	0	0	0	0	0	0	307346	PERFLUORO-n-OCTANE	
1626	3.8782	176.011	135.329	-0.708	2.110	0	0	0	0	0	0	375962	PERFLUORO-n-NONANE	
1627	3.8062	171.784	182.137	-0.967	1.283	0	0	0	0	0	0	307459	PERFLUORO-n-DECANE	
1629	1.7953	149.200	24.229	-0.014	0.464	0	0	0	0	0	0	75387	11-DIFLUOROETHYLENE	
1630	2.2525	127.221	29.660	-0.575	1.747	0	0	0	0	0	0	116143	TETRAFLUOROETHYLENE	
1631	4.4349	176.563	208.911	-1.083	3.867	0	0	0	0	0	0	307595	PERFLUORO-n-DODECANE	
1634	2.1422	174.056	31.230	-0.592	1.784	0	0	0	0	0	0	1511622	BROMODIFLUOROMETHANE	
1640	2.5051	150.560	32.981	-0.725	2.167	0	0	0	0	0	0	75376	11-DIFLUOROETHANE	
1641	1.8811	210.927	26.139	-0.497	1.728	0	0	0	0	0	0	74839	BROMOMETHANE	
1645	2.1437	215.674	34.338	-0.527	1.817	0	0	0	0	0	0	74964	BROMOETHANE	
1646	2.6644	127.921	36.189	-0.787	2.330	0	0	0	0	0	0	354336	PENTAFLUOROETHANE	
1649	1.8469	433.949	55.732	0.701	-0.984	0	0	0	0	0	0	79276	1122-TETRABROMOETHANE	
1650	2.5366	203.274	46.974	-0.885	2.748	0	0	0	0	0	0	106945	1-BROMOPROPANE	
1651	2.3388	212.062	38.313	-0.780	2.497	0	0	0	0	0	0	75263	2-BROMOPROPANE	
1655	2.6963	210.556	56.338	-0.907	2.721	0	0	0	0	0	0	109659	1-BROMOBUTANE	
1667	3.4673	221.469	80.248	-0.847	2.735	0	0	0	0	0	0	629049	1-BROMOHEPTANE	
1672	1.7396	305.240	39.297	-0.153	0.320	0	0	0	0	0	0	557915	11-DIBROMOETHANE	
1673	2.1509	271.188	47.087	-0.663	1.943	0	0	0	0	0	0	106934	12-DIBROMOETHANE	
1678	2.6004	291.545	62.723	-0.760	2.362	0	0	0	0	0	0	108361	m-DIBROMOBENZENE	
1679	2.4611	168.799	72.336	-1.399	4.264	0	0	0	0	0	0	354585	111-TRICHLOROTRIFLUOROETHA	
1680	2.3772	270.110	56.552	-0.625	1.853	0	0	0	0	0	0	108861	BROMOBENZENE	
1681	1.8977	240.210	30.930	-0.493	1.867	0	0	0	0	0	0	74884	METHYLIODIDE	
1682	1.9515	251.845	44.162	-0.372	1.378	0	0	0	0	0	0	75036	ETHYLIODIDE	
1683	2.2345	242.679	54.608	-0.620	1.894	0	0	0	0	0	0	107084	n-PROPYLIODIDE	
1684	2.3119	231.443	44.946	-0.782	2.504	0	0	0	0	0	0	75309	ISOPROPYLIODIDE	
1691	2.3564	294.857	59.798	-0.555	1.696	0	0	0	0	0	0	591504	IODOBENZENE	
1692	1.8167	370.372	47.606	0.050	0.528	0	0	0	0	0	0	75116	DIIODOMETHANE	
1693	2.3912	165.385	50.027	-0.757	2.273	0	0	0	0	0	0	374072	11-DICHLOROTETRAFLUOROETHAN	
1694	2.5440	180.030	46.145	-0.598	1.766	0	0	0	0	0	0	306832	22-DICHLORO-111-TRIFLUORO	
1696	2.1412	197.263	31.878	-0.364	1.305	0	0	0	0	0	0	75434	DICHLOROFLUOROMETHANE	
1697	3.0073	303.813	79.349	-0.630	1.824	0	0	0	0	0	0	90119	1-BROMONAPHTHALENE	
1698	1.8947	322.048	42.908	-0.314	1.116	0	0	0	0	0	0	75252	TRIBROMOMETHANE	
1701	1.1017	36.984	200.310	-1.243	2.310	0.0005	2140	860	1	1	1	74895	METHYLAMINE                   	
1702	1.1875	64.686	179.830	-1.362	0.331	0.0004	1315	305	1	1	1	124403	DIMETHYLAMINE                 	
1703	2.1483	188.552	39.084	-0.394	1.450	0	0	0	0	0	0	75503	TRIMETHYLAMINE	
1704	1.3905	51.904	188.440	-1.254	1.487	0.001	730	1470	1	1	1	75047	ETHYLAMINE                    	
1705	2.2677	66.187	197.710	-1.052	2.499	0.001	730	1470	1	1	1	594398	2-METHYL-2-AMINOBUTANE        	
1706	2.7223	202.288	66.117	-0.709	2.069	0	0	0	0	0	0	121448	TRIETHYLAMINE	
1707	1.6783	137.228	190.790	-1.487	0.931	0.0004	1010	1010	1	1	1	142847	DI-n-PROPYLAMINE              	
1708	2.8512	202.453	66.322	-0.621	1.811	0	0	0	0	0	0	927628	NN-DIMETHYL-n-BUTYLAMINE	
1709	2.6634	192.231	57.700	-0.747	2.247	0	0	0	0	0	0	616397	NN-DIETHYLMETHYLAMINE	
1710	2.6745	52.190	185.720	-0.867	2.988	0.0004	1010	1010	1	1	1	109897	DIETHYLAMINE                  	
1711	3.2699	30.441	192.300	-0.375	4.972	0.001	730	1470	1	1	1	107108	n-PROPYLAMINE                 	
1712	2.0115	64.584	202.670	-1.103	1.794	0.001	730	1470	1	1	1	109739	n-BUTYLAMINE                  	
1713	2.3114	79.988	196.640	-1.206	2.013	0.001	730	1470	1	1	1	110587	n-PENTYLAMINE                 	
1714	1.4706	92.861	192.150	-1.431	0.898	0.0004	730	1470	1	1	1	78819	ISOBUTYLAMINE                 	
1715	2.3313	42.212	185.790	-1.204	3.219	0.0004	1010	1010	1	1	1	765300	CYCLOPROPYLAMINE              	
1717	3.2092	14.552	241.830	-0.674	4.244	0.0004	730	1470	1	1	1	302012	Hydrazine                     	
1718	3.9905	76.501	191.220	-0.933	4.157	0.0004	1010	1010	1	1	1	110963	DIISOBUTYLAMINE               	
1719	2.2775	41.537	189.870	-0.721	2.151	0.0004	730	1470	1	1	1	75310	ISOPROPYLAMINE                	
1720	2.3667	366.475	213.310	-1.580	0.828	0.001	730	1470	1	1	1	2016424	n-TETRADECYLAMINE             	
1721	2.5368	37.754	247.680	-0.699	1.929	0.0004	1010	1010	1	1	1	109977	PYRROLE                       	
1726	2.4319	52.620	197.590	-0.888	2.753	0.0004	730	1470	1	1	1	13952846	sec-BUTYLAMINE                	
1727	5.3620	23.619	181.460	0.277	10.455	0.0004	730	1470	1	1	1	75649	tert-BUTYLAMINE               	
1729	1.4155	115.279	231.390	-1.445	0.789	0.0004	730	1470	1	1	1	108918	CYCLOHEXYLAMINE               	
1730	5.1284	159.352	265.190	-0.832	2.799	0.0004	730	1470	1	1	1	1446613	DEHYDROABIETYLAMINE           	
1731	4.1262	82.570	200.480	-1.362	4.890	0.0001	730	1470	2	1	1	124094	HEXAMETHYLENEDIAMINE          	
1732	4.1735	61.316	261.710	-0.816	2.899	0.0004	730	1470	2	1	1	95807	24-DIAMINOTOLUENE             	
1733	1.5332	114.369	255.630	-1.340	0.320	0.0004	730	1470	1	1	1	100469	BENZYLAMINE                   	
1734	3.6716	61.505	216.590	-1.089	4.806	0.0004	730	1470	2	1	1	280579	TRIETHYLENEDIAMINE            	
1735	1.9540	222.074	279.490	-1.408	0.125	0.0004	730	1470	1	1	1	136356	13-DIPHENYLTRIAZENE           	
1736	1.4578	108.980	278.120	-1.295	0.171	0.0004	730	1470	1	1	1	95534	o-TOLUIDINE                   	
1737	1.5973	115.825	264.170	-1.298	0.145	0.0004	730	1470	1	1	1	108441	m-TOLUIDINE                   	
1738	1.5788	136.852	247.590	-1.427	0.350	0.0004	730	1470	1	1	1	106490	p-TOLUIDINE                   	
1739	2.6925	169.026	208.950	-1.494	0.386	0.0004	730	1470	2	1	1	112243	TRIETHYLENETETRAMINE          	
1740	2.3135	43.669	190.180	-1.030	2.866	0.001	730	1470	1	1	1	107119	ALLYLAMINE                    	
1741	1.6073	79.415	203.800	-1.529	0.906	0.0001	730	1470	2	1	1	107153	ETHYLENEDIAMINE               	
1742	5.9807	9.646	239.050	3.431	8.942	0.0004	730	1470	1	1	1	151564	ETHYLENEIMINE                 	
1743	3.1114	144.315	101.449	-1.658	3.863	0	0	0	0	0	0	108189	DIISOPROPYLAMINE	
1744	1.7086	189.200	204.800	-1.485	0.582	0.0004	1010	1010	1	1	1	111922	DI-n-BUTYLAMINE               	
1745	2.9258	39.299	238.680	-0.315	3.282	0.0004	1010	1010	1	1	1	110894	PIPERIDINE                    	
1748	2.8846	288.747	59.819	-0.759	2.398	0	0	0	0	0	0	91225	QUINOLINE	
1749	2.9741	98.536	248.460	-1.618	6.009	0.0004	400	6200	1	1	1	103708	FORMANILIDE                   	
1750	2.5757	96.289	239.860	-1.147	0.790	0.0004	730	1470	1	1	1	140318	N-AMINOETHYLPIPERAZINE        	
1751	2.6332	306.303	94.898	-1.046	3.349	0	0	0	0	0	0	100970	HEXAMETHYLENETETRAMINE	
1752	2.7450	52.183	200.120	-1.135	1.956	0.0001	730	1470	2	1	1	78900	12-PROPANEDIAMINE             	
1753	3.3198	256.874	80.370	-0.390	0.894	0	0	0	0	0	0	91667	NN-DIETHYLANILINE	
1754	2.1821	270.896	44.520	-0.140	0.574	0	0	0	0	0	0	96548	N-METHYLPYRROLE	
1755	2.1320	267.430	43.669	-0.508	1.447	0	0	0	0	0	0	290379	PYRAZINE	
1756	1.7202	205.731	278.150	-1.465	0.414	0.0002	1010	1010	1	1	1	122394	DIPHENYLAMINE                 	
1757	3.7511	51.450	260.500	-0.700	2.576	0.0001	730	1470	1	1	1	100630	PHENYLHYDRAZINE               	
1759	7.1424	32.341	287.920	1.733	7.585	0.0004	1010	1010	1	1	1	91634	QUINALDINE                    	
1760	2.8927	208.921	37.547	-1.023	3.300	0	0	0	0	0	0	75525	NITROMETHANE	
1761	3.0677	218.739	40.060	-0.651	2.451	0	0	0	0	0	0	79243	NITROETHANE	
1762	3.2458	207.531	53.626	-1.002	3.299	0	0	0	0	0	0	108032	1-NITROPROPANE	
1763	3.0857	206.887	52.458	-1.007	3.265	0	0	0	0	0	0	79469	2-NITROPROPANE	
1765	1.8632	68.113	229.660	-1.237	1.146	0.0004	730	1470	1	1	1	110918	MORPHOLINE                    	
1766	1.7407	53.364	230.240	-1.026	0.994	0.0004	1010	1010	1	1	1	123751	PYRROLIDINE                   	
1767	2.2489	228.411	50.036	-0.577	1.752	0	0	0	0	0	0	120945	N-METHYLPYRROLIDINE	
1768	4.9404	151.051	85.685	-1.640	7.014	0	0	0	0	0	0	509148	TETRANITROMETHANE	
1769	3.4779	217.450	57.031	-0.738	2.662	0	0	0	0	0	0	627054	1-NITROBUTANE	
1772	2.8598	192.322	46.600	-1.106	3.673	0	0	0	0	0	0	75058	ACETONITRILE	
1773	2.9040	198.097	53.579	-1.039	3.252	0	0	0	0	0	0	107120	PROPIONITRILE	
1774	2.6931	194.098	49.045	-1.078	3.271	0	0	0	0	0	0	107131	ACRYLONITRILE	
1775	2.6432	202.432	59.527	-1.048	3.363	0	0	0	0	0	0	126987	METHACRYLONITRILE	
1776	4.0707	252.887	73.020	-0.772	2.323	0	0	0	0	0	0	110612	SUCCINONITRILE	
1777	4.6605	238.153	96.936	-1.105	4.078	0	0	0	0	0	0	111693	ADIPONITRILE	
1778	3.6647	237.079	70.650	-1.026	3.501	0	0	0	0	0	0	88722	o-NITROTOLUENE	
1779	3.3143	261.788	82.247	-0.729	2.158	0	0	0	0	0	0	99990	p-NITROTOLUENE	
1780	3.6884	249.061	79.704	-0.747	2.965	0	0	0	0	0	0	99081	m-NITROTOLUENE	
1781	4.3310	233.663	99.754	-1.405	5.508	0	0	0	0	0	0	544138	GLUTARONITRILE	
1782	2.9580	212.702	56.442	-0.806	2.543	0	0	0	0	0	0	109740	BUTYRONITRILE	
1783	3.2133	214.783	62.645	-0.856	2.900	0	0	0	0	0	0	110598	VALERONITRILE	
1785	3.7429	240.609	61.283	-0.786	2.408	0	0	0	0	0	0	109773	MALONONITRILE	
1786	3.3647	216.139	72.226	-0.966	3.231	0	0	0	0	0	0	628739	HEXANENITRILE	
1787	2.8410	212.574	54.502	-0.633	1.851	0	0	0	0	0	0	78820	ISOBUTYRONITRILE	
1789	3.1628	201.431	59.527	-1.037	3.374	0	0	0	0	0	0	627269	trans-CROTONITRILE	
1790	2.8668	262.715	60.578	-0.660	1.985	0	0	0	0	0	0	100470	BENZONITRILE	
1791	2.3150	256.832	40.964	-0.505	1.546	0	0	0	0	0	0	110861	PYRIDINE	
1792	2.6032	55.319	256.690	-0.880	1.631	0.0004	730	1470	1	1	1	62533	ANILINE                       	
1793	4.6569	218.862	86.168	-1.182	4.406	0	0	0	0	0	0	584849	24-TOLUENEDIISOCYANATE	
1794	2.8787	235.175	52.089	-0.596	1.829	0	0	0	0	0	0	111499	HEXAMETHYLENEIMINE	
1795	1.6790	106.254	243.680	-1.481	0.829	0.0004	1010	1010	1	1	1	100618	N-METHYLANILINE               	
1796	3.1875	242.179	69.935	-0.838	2.636	0	0	0	0	0	0	121697	NN-DIMETHYLANILINE	
1797	2.6310	241.238	49.750	-0.613	1.845	0	0	0	0	0	0	109068	2-METHYLPYRIDINE	
1798	3.0589	197.131	58.487	-1.053	3.470	0	0	0	0	0	0	1190767	cis-CROTONITRILE	
1799	2.5078	155.338	26.248	-0.755	2.278	0	0	0	0	0	0	460195	CYANOGEN	
1801	1.9052	210.924	25.611	-0.538	1.770	0	0	0	0	0	0	74931	METHYLMERCAPTAN	
1802	2.0546	217.582	34.883	-0.507	1.651	0	0	0	0	0	0	75081	ETHYLMERCAPTAN	
1803	2.2798	221.912	43.999	-0.573	1.780	0	0	0	0	0	0	107039	n-PROPYLMERCAPTAN	
1804	2.0729	226.232	51.624	-0.608	1.759	0	0	0	0	0	0	75661	tert-BUTYLMERCAPTAN	
1805	2.3886	222.314	53.594	-0.694	1.984	0	0	0	0	0	0	513440	ISOBUTYLMERCAPTAN	
1806	2.3772	220.251	53.446	-0.714	2.056	0	0	0	0	0	0	513531	sec-BUTYLMERCAPTAN	
1807	3.0013	227.675	73.592	-0.710	2.130	0	0	0	0	0	0	111319	n-HEXYLMERCAPTAN	
1808	3.8822	228.318	99.156	-0.727	2.187	0	0	0	0	0	0	1455216	n-NONYLMERCAPTAN	
1809	3.4505	229.453	95.085	-0.814	2.463	0	0	0	0	0	0	111886	n-OCTYLMERCAPTAN	
1810	2.1872	219.756	40.958	-0.500	1.628	0	0	0	0	0	0	75332	ISOPROPYLMERCAPTAN	
1811	2.4475	264.102	63.476	-0.647	1.974	0	0	0	0	0	0	1569693	CYCLOHEXYLMERCAPTAN	
1812	2.7032	280.863	62.522	-0.479	1.405	0	0	0	0	0	0	100538	BENZYLMERCAPTAN	
1813	2.1632	231.418	45.803	-0.360	1.176	0	0	0	0	0	0	624895	METHYLETHYLSULFIDE	
1814	2.4978	225.082	52.702	-0.574	1.743	0	0	0	0	0	0	3877154	METHYLn-PROPYLSULFIDE	
1815	2.2881	239.282	59.146	-0.439	1.366	0	0	0	0	0	0	6163640	METHYLt-BUTYLSULFIDE	
1816	2.5498	248.199	75.260	-0.615	1.814	0	0	0	0	0	0	13286925	METHYLt-PENTYLSULFIDE	
1817	3.0334	220.629	72.167	-0.738	2.213	0	0	0	0	0	0	111477	DI-n-PROPYLSULFIDE	
1818	2.5835	212.638	54.793	-0.793	2.407	0	0	0	0	0	0	352932	DIETHYLSULFIDE	
1819	3.9316	226.955	104.809	-0.970	3.200	0	0	0	0	0	0	3698940	ETHYLn-OCTYLSULFIDE	
1820	2.0876	221.120	33.801	-0.414	1.529	0	0	0	0	0	0	75183	DIMETHYLSULFIDE	
1821	2.1014	251.180	38.529	-0.471	1.519	0	0	0	0	0	0	110021	THIOPHENE	
1822	2.6740	291.224	60.420	-0.728	2.328	0	0	0	0	0	0	95158	BENZOTHIOPHENE	
1823	2.8073	271.789	74.285	-0.937	2.911	0	0	0	0	0	0	149304	2-MERCAPTOBENZOTHIAZOLE	
1824	2.8867	236.948	61.645	-0.758	2.392	0	0	0	0	0	0	110816	DIETHYLDISULFIDE	
1825	4.5411	222.144	121.093	-0.924	3.011	0	0	0	0	0	0	5332525	UNDECYLMERCAPTAN	
1826	4.2378	220.883	114.386	-0.966	3.202	0	0	0	0	0	0	143102	n-DECYLMERCAPTAN	
1827	2.7463	225.235	64.616	-0.707	2.025	0	0	0	0	0	0	110667	n-PENTYLMERCAPTAN	
1828	2.1468	267.097	42.318	-0.399	1.381	0	0	0	0	0	0	624920	DIMETHYLDISULFIDE	
1829	3.3798	229.718	83.780	-0.970	3.236	0	0	0	0	0	0	629196	DI-n-PROPYLDISULFIDE	
1830	3.6782	320.832	107.397	-0.708	2.102	0	0	0	0	0	0	1207121	46-DIMETHYLDIBENZOTHIOPHENE	
1831	6.0312	211.975	180.236	-1.336	5.531	0	0	0	0	0	0	288761000	DI-n-OCTYLSULFIDE	
1832	3.1507	290.139	106.891	-0.653	1.903	0	0	0	0	0	0	7133462	DICYCLOHEXYLSULFIDE	
1833	3.0628	244.659	72.970	-0.645	1.881	0	0	0	0	0	0	55735234	3-ETHYL-25-DIMETHYLTHIOPHEN	
1834	2.7971	286.078	82.847	-0.690	1.557	0	0	0	0	0	0	1195148	2-METHYLBENZOTHIOPHENE	
1835	2.8105	283.776	76.324	-0.717	2.119	0	0	0	0	0	0	4565326	THIAINDAN	
1836	2.6485	303.628	79.217	-0.656	1.941	0	0	0	0	0	0	6165555	2-METHYLTHIAINDAN	
1838	2.6369	243.126	89.330	-0.614	1.800	0	0	0	0	0	0	141593	tert-OCTYLMERCAPTAN	
1839	3.2999	227.578	82.786	-0.733	2.193	0	0	0	0	0	0	1639094	n-HEPTYLMERCAPTAN	
1840	1.5304	335.197	76.741	-0.176	0.281	0	0	0	0	0	0	592881	DIALLYLSULFIDE	
1841	2.4857	222.658	55.590	-0.716	2.053	0	0	0	0	0	0	109795	n-BUTYLMERCAPTAN	
1842	2.4408	288.336	50.180	-0.233	0.655	0	0	0	0	0	0	108985	PHENYLMERCAPTAN	
1843	2.1146	276.242	45.353	-0.392	1.334	0	0	0	0	0	0	110010	TETRAHYDROTHIOPHENE	
1844	2.5340	288.334	47.689	-0.539	1.339	0	0	0	0	0	0	67685	DIMETHYLSULFOXIDE(DMSO)	
1845	3.0786	304.811	63.051	-0.801	2.345	0	0	0	0	0	0	126330	SULFOLANE	
1847	3.2806	291.282	67.311	-0.659	1.917	0	0	0	0	0	0	872935	3-METHYLSULFOLANE	
1848	4.2068	248.584	81.106	-0.763	2.337	0	0	0	0	0	0	598038	DI-n-PROPYLSULFONE	
1849	4.8344	238.624	96.798	-0.824	2.603	0	0	0	0	0	0	598049	DI-n-BUTYLSULFONE	
1850	2.5461	118.828	18.556	-0.445	1.108	0	0	0	0	0	0	353504	CARBONYLFLUORIDE	
1851	2.8174	198.143	30.131	-0.500	2.303	0	0	0	0	0	0	75365	ACETYLCHLORIDE	
1853	2.9250	217.074	40.573	-0.603	1.732	0	0	0	0	0	0	79049	CHLOROACETYLCHLORIDE	
1854	2.6835	225.107	46.684	-0.622	1.824	0	0	0	0	0	0	79367	DICHLOROACETYLCHLORIDE	
1855	2.5435	233.251	54.092	-0.757	2.305	0	0	0	0	0	0	76028	TRICHLOROACETYLCHLORIDE	
1856	3.2629	240.703	64.793	-0.941	3.080	0	0	0	0	0	0	98884	BENZOYLCHLORIDE	
1857	3.0198	221.022	71.217	-0.640	1.862	0	0	0	0	0	0	98566	p-CHLOROBENZOTRIFLUORIDE	
1858	3.3653	227.034	80.683	-0.704	2.059	0	0	0	0	0	0	320605	24-DICHLOROBENZOTRIFLUORIDE	
1859	1.5438	119.266	265.750	-1.404	0.547	0.0004	730	1470	1	1	1	95512	o-CHLOROANILINE               	
1860	2.3595	225.872	47.253	-0.643	1.907	0	0	0	0	0	0	462066	FLUOROBENZENE	
1861	2.4774	207.538	38.695	-0.591	1.738	0	0	0	0	0	0	107302	CHLOROMETHYLMETHYLETHER	
1862	15.8180	29.998	150.670	-3.256	37.691	0.0001	1280	3960	2	1	1	96242	3-CHLORO-12-PROPANEDIOL       	
1864	3.1496	182.008	59.154	-0.860	2.626	0	0	0	0	0	0	392563	HEXAFLUOROBENZENE	
1866	3.1425	241.078	65.622	-0.656	1.915	0	0	0	0	0	0	111444	DI(2-CHLOROETHYL)ETHER	
1867	5.7889	197.799	23.992	-1.025	3.858	0	0	0	0	0	0	97938	TRIETHYLALUMINUM	
1868	3.2679	231.710	56.732	-0.672	1.970	0	0	0	0	0	0	3268493	3-(METHYLMERCAPTO)PROPANAL	
1869	3.3431	232.837	152.210	-1.046	3.461	0	0	0	0	0	0	100992	TRIISOBUTYLALUMINUM	
1876	2.7303	249.217	53.413	-0.598	1.764	0	0	0	0	0	0	68122	NN-DIMETHYLFORMAMIDE(DMF)	
1880	3.8119	52.927	287.980	-0.470	2.789	0.0004	540	1660	1	1	1	105602	epsilon-CAPROLACTAM           	
1881	2.3860	254.365	45.369	-0.412	1.211	0	0	0	0	0	0	106898	alpha-EPICHLOROHYDRIN	
1882	5.3217	187.533	45.537	-0.857	2.814	0	0	0	0	0	0	75865	ACETONECYANOHYDRIN	
1883	2.0592	319.566	146.639	-0.582	1.750	0	0	0	0	0	0	688744	TRI-n-BUTYLBORATE	
1884	3.4617	351.695	44.511	-0.693	2.055	0	0	0	0	0	0	603350	TRIPHENYLPHOSPHINE	
1886	3.4477	246.835	58.944	-0.886	3.162	0	0	0	0	0	0	98953	NITROBENZENE	
1889	2.9997	244.319	43.338	-0.742	2.312	0	0	0	0	0	0	98011	FURFURAL	
1891	4.0857	256.346	69.863	-0.779	2.361	0	0	0	0	0	0	91236	o-NITROANISOLE	
1893	1.6017	185.795	24.171	-0.470	1.604	0	0	0	0	0	0	463581	CARBONYLSULFIDE	
1894	2.1233	197.053	30.075	-0.468	1.640	0	0	0	0	0	0	75445	PHOSGENE	
1896	4.6784	209.682	89.750	-1.116	4.149	0	0	0	0	0	0	2274115	ETHYLENEGLYCOLDIACRYLATE	
1897	3.6245	205.025	68.096	-0.700	2.000	0	0	0	0	0	0	108656	PROPYLENEGLYCOLMONOMETHYL	
1899	2.9948	220.924	54.509	-0.641	1.866	0	0	0	0	0	0	4454051	METHOXYDIHYDROPYRAN	
1911	1.1960	19.290	189.160	-1.030	3.660	0.0004	975	1675	1	1	1	7664417	AMMONIA                       	
1921	0.9002	13.562	348.990	-0.251	2.021	0.001	2070	3100	1	1	1	7732185	WATER                         	
1922	1.5880	177.700	17.973	-0.664	1.833	0	0	0	0	0	0	7783064	HYDROGENSULFIDE	
1925	2.2932	226.057	39.696	-0.797	2.618	0	0	0	0	0	0	7719122	PHOSPHORUSTRICHLORIDE	
1929	1.5342	302.500	71.205	-0.293	0.420	0	0	0	0	0	0	10025873	PHOSPHORUSOXYCHLORIDE	
1931	2.0445	287.365	49.504	-0.885	2.602	0	0	0	0	0	0	7632511	VANADIUMTETRACHLORIDE	
1932	1.7669	305.952	64.228	-0.283	1.197	0	0	0	0	0	0	7727186	VANADIUMOXYTRICHLORIDE	
1934	1.9676	358.905	61.949	-0.370	1.274	0	0	0	0	0	0	10025919	ANTIMONYTRICHLORIDE	
1935	1.9293	201.776	38.468	-0.502	1.518	0	0	0	0	0	0	4109960	DICHLOROSILANE	
1936	2.1325	202.728	44.794	-0.603	1.859	0	0	0	0	0	0	10025782	TRICHLOROSILANE	
1937	2.2798	210.824	53.014	-0.525	1.616	0	0	0	0	0	0	10026047	TETRACHLOROSILANE	
1938	1.6690	257.525	29.556	-0.671	2.046	0	0	0	0	0	0	75150	CARBONDISULFIDE	
1942	3.3614	84.814	22.069	-1.276	4.339	0	0	0	0	0	0	7637072	BORONTRIFLUORIDE	
1949	3.4952	222.235	76.374	-1.306	4.568	0	0	0	0	0	0	13450903	GALLIUMTRICHLORIDE	
1950	1.9969	251.148	42.300	-0.154	0.668	0	0	0	0	0	0	7791255	SULFURYLCHLORIDE	
1951	1.5899	291.247	48.352	-0.126	0.703	0	0	0	0	0	0	7719097	THIONYLCHLORIDE	
1961	1.8666	217.624	41.561	-0.080	0.741	0	0	0	0	0	0	10294345	BORONTRICHLORIDE	
1964	3.7913	174.905	108.057	-1.115	3.806	0	0	0	0	0	0	999973	HEXAMETHYLDISILAZANE	
1965	3.2535	182.891	97.741	-0.784	2.428	0	0	0	0	0	0	107460	HEXAMETHYLDISILOXANE	
1966	3.7123	188.382	106.331	-0.705	1.933	0	0	0	0	0	0	541059	HEXAMETHYLCYCLOTRISILOXANE	
1969	5.0318	193.194	210.811	-0.832	2.620	0	0	0	0	0	0	141639	DODECAMETHYLPENTASILOXANE	
1971	2.5983	213.621	67.659	-0.560	1.629	0	0	0	0	0	0	124709	METHYLVINYLDICHLOROSILANE	
1972	1.7149	110.402	21.142	-0.509	1.639	0	0	0	0	0	0	7783542	NITROGENTRIFLUORIDE	
1975	5.7585	184.374	118.556	-1.252	5.066	0	0	0	0	0	0	14814096	[3-(MERCAPTO)PROPYL]TRIETHOX	
1980	1.5865	205.836	36.253	-0.686	2.051	0	0	0	0	0	0	1590870	DISILANE	
1982	1.5860	128.931	23.860	-0.722	2.446	0	0	0	0	0	0	7803625	SILANE	
1983	1.7699	133.416	29.101	-0.580	1.819	0	0	0	0	0	0	19287457	DIBORANE	
1984	2.2396	190.191	59.473	-0.462	1.438	0	0	0	0	0	0	75763	TETRAMETHYLSILANE	
1986	2.6390	156.484	21.471	-1.218	3.924	0	0	0	0	0	0	2696926	NITROSYLCHLORIDE	
1987	1.9777	165.306	26.001	-0.438	1.614	0	0	0	0	0	0	7616946	PERCHLORYLFLUORIDE	
1988	4.2161	195.130	139.671	-0.535	1.187	0	0	0	0	0	0	556672	OCTAMETHYLCYCLOTETRASILOXANE	
1989	2.2360	113.963	40.866	-1.341	4.209	0	0	0	0	0	0	10036472	TETRAFLUOROHYDRAZINE	
1997	0.8999	13.336	352.750	-0.055	1.366	0.001	2587	2587	1	1	1	7789200	DEUTERIUMOXIDE                	
1998	1.6729	381.066	29.844	-0.677	2.010	0	0	0	0	0	0	7553562	IODINE	
2043	3.9471	219.438	61.914	-0.745	2.209	0	0	0	0	0	0	111308	GLUTARALDEHYDE	
2081	8.9513	215.363	327.582	-1.490	7.233	0	0	0	0	0	0	638686	nTriacontane	
2082	9.4589	214.532	356.954	-1.606	8.440	0	0	0	0	0	0	544854	nDotriacontane	
2083	3.3998	219.864	81.202	-0.704	2.053	0	0	0	0	0	0	106683	3-OCTANONE	
2084	3.2877	229.234	75.366	-0.372	0.773	0	0	0	0	0	0	589639	4-OCTANONE	
2085	3.5244	230.001	86.449	-0.474	1.099	0	0	0	0	0	0	925780	3-NONANONE	
2086	10.5832	212.985	404.606	-1.749	9.859	0	0	0	0	0	0	630068	nHexatriacontane	
2087	3.7270	218.924	89.048	-0.698	1.989	0	0	0	0	0	0	4485090	4-NONANONE	
2088	2.6697	262.724	56.045	-0.654	1.934	0	0	0	0	0	0	930687	2-CYCLOHEXENE-1-ONE	
2089	4.6019	207.629	108.763	-0.817	2.550	0	0	0	0	0	0	123182	268-TRIMETHYL-4-NONANONE	
2095	3.3104	217.239	98.954	-0.684	2.002	0	0	0	0	0	0	7146603	23-DIMETHYLOCTANE	
2096	3.3659	211.616	96.263	-0.672	1.915	0	0	0	0	0	0	4032944	24-DIMETHYLOCTANE	
2097	3.3981	210.747	97.824	-0.730	2.178	0	0	0	0	0	0	15869893	25-DIMETHYLOCTANE	
2098	3.3886	211.984	98.405	-0.731	2.182	0	0	0	0	0	0	2051301	26-DIMETHYLOCTANE	
2099	3.4076	210.961	99.650	-0.728	2.177	0	0	0	0	0	0	1072168	27-DIMETHYLOCTANE	
2112	1.6998	130.527	247.320	-1.483	0.988	0.0005	2013	2013	1	1	1	620177	m-EthylPHENOL                 	
2115	2.2318	147.308	205.840	-1.601	1.177	0.0004	540	1660	1	1	1	60128	2-PHENYLETHANOL               	
2117	2.2592	182.056	185.530	-1.466	0.150	0.0004	540	1660	1	1	1	108827	26-DIMETHYL-4-HEPTANOL        	
2118	2.2272	165.901	203.510	-1.611	1.229	0.0004	540	1660	1	1	1	93549	1-PHENYL-1-PROPANOL           	
2121	6.3730	39.160	254.320	0.691	3.341	0.0004	540	1660	1	1	1	122974	3-PHENYL-1-PROPANOL           	
2181	3.9541	52.993	249.590	-0.258	1.890	0.0004	540	1660	1	1	1	98851	alpha-METHYLBENZYLALCOHOL     	
2182	2.2447	144.572	209.160	-1.504	0.631	0.0004	540	1660	1	1	1	589184	p-TOLUALCOHOL                 	
2184	3.9931	70.821	210.030	-1.073	1.672	0.0004	540	1660	1	1	1	587031	m-TOLUALCOHOL                 	
2195	1.9858	247.375	252.200	-1.402	0.097	0.0004	540	1660	1	1	1	140669	p-tert-OCTYLPHENOL            	
2196	1.8202	190.573	255.150	-1.408	0.174	0.0004	540	1660	1	1	1	80466	p-tert-AMYLPHENOL             	
2197	2.1254	217.076	266.250	-1.438	0.258	0.0004	540	1660	1	1	1	599644	p-CUMYLPHENOL                 	
2198	5.7141	281.933	248.340	-1.254	2.521	0.0004	540	1660	1	1	1	1323655	DINONYLPHENOL                 	
2226	2.4402	211.599	58.373	-0.431	1.296	0	0	0	0	0	0	616126	3-METHYL-trans-2-PENTENE	
2240	2.6920	203.950	66.937	-0.582	1.690	0	0	0	0	0	0	3524730	5-METHYL-1-HEXENE	
2248	4.7199	132.768	222.280	-1.056	2.071	0.0004	1280	3960	1	1	1	112470	DECAN-110-DIOL                	
2249	5.6098	112.024	181.800	-1.871	6.975	0.0004	1280	3960	1	1	1	105088	14-CYCLOHEXANEDIMETHANOL      	
2251	3.2034	210.612	90.011	-0.761	2.324	0	0	0	0	0	0	4588185	2-METHYL-1-OCTENE	
2252	2.9310	208.180	80.629	-0.745	2.271	0	0	0	0	0	0	15870107	2-METHYL-1-HEPTENE	
2265	6.9412	220.331	173.851	-1.055	3.853	0	0	0	0	0	0	506127	n-HEPTADECANOICACID	
2267	7.3706	224.698	202.437	-1.087	4.121	0	0	0	0	0	0	506309	n-EICOSANICACID	
2285	2.8738	235.590	71.857	-0.596	1.717	0	0	0	0	0	0	17699864	1-METHYL-4-VINYLCYCLOHEXENE	
2305	2.8975	204.620	54.623	-0.608	1.771	0	0	0	0	0	0	589402	sec-BUTYLFORMATE	
2306	2.6067	206.263	57.084	-0.703	2.004	0	0	0	0	0	0	762754	tert-BUTYLFORMATE	
2307	3.6375	208.031	74.162	-0.703	2.052	0	0	0	0	0	0	629334	n-HEXYLFORMATE	
2308	3.9264	200.317	92.671	-1.110	3.897	0	0	0	0	0	0	112232	n-HEPTYLFORMATE	
2310	2.5109	208.800	58.231	-0.577	1.696	0	0	0	0	0	0	592449	12-HEXADIENE	
2311	3.0002	241.570	63.345	-0.547	1.804	0	0	0	0	0	0	4351546	CYCLOHEXYLFORMATE	
2321	2.8475	216.049	56.006	-0.173	0.342	0	0	0	0	0	0	540885	tert-BUTYLACETATE	
2332	2.9775	201.217	55.635	-0.583	1.656	0	0	0	0	0	0	547637	METHYLISOBUTYRATE	
2337	3.3209	191.910	66.678	-0.857	2.737	0	0	0	0	0	0	97621	ETHYLISOBUTYRATE	
2343	3.2034	191.977	66.190	-1.037	3.450	0	0	0	0	0	0	689123	ISOPROPYLACRYLATE	
2350	3.2872	248.522	67.973	-0.665	1.944	0	0	0	0	0	0	104574	BENZYLFORMATE	
2354	3.1102	221.994	67.826	-0.486	1.209	0	0	0	0	0	0	96059	ALLYLMETHACRYLATE	
2355	4.8199	271.094	118.267	-0.953	3.228	0	0	0	0	0	0	840653	DIMETHYL-26-NAPHTHALENEDICA	
2364	3.2905	230.588	72.623	-0.667	1.944	0	0	0	0	0	0	622457	CYCLOHEXYLACETATE	
2367	3.3407	268.278	65.039	-0.743	2.383	0	0	0	0	0	0	108327	PROPYLENECARBONATE	
2370	6.0057	201.392	95.657	-1.087	4.167	0	0	0	0	0	0	102761	GLYCERYLTRIACETATE	
2373	6.2131	262.526	282.415	-1.004	3.657	0	0	0	0	0	0	65185899	n-NONYLn-UNDECYLPHTHALATE	
2374	7.0252	229.616	238.221	-1.179	4.850	0	0	0	0	0	0	28553120	DIISONONYLPHTHALATE	
2375	4.4585	266.947	94.110	-0.068	-0.264	0	0	0	0	0	0	84662	DIETHYLPHTHALATE	
2376	6.5320	215.399	147.140	-1.299	5.521	0	0	0	0	0	0	84742	DI-n-BUTYLPHTHALATE	
2377	4.6485	236.831	93.543	-0.992	3.513	0	0	0	0	0	0	131113	DIMETHYLPHTHALATE	
2378	4.9058	199.820	89.981	-1.086	3.970	0	0	0	0	0	0	123251	DIETHYLSUCCINATE	
2379	7.4471	208.186	175.673	-1.193	4.998	0	0	0	0	0	0	110338	DIHEXYLADIPATE	
2380	3.8839	210.551	66.816	-0.705	2.079	0	0	0	0	0	0	542109	ETHYLIDENEDIACETATE	
2381	5.4542	206.448	94.261	-0.940	3.218	0	0	0	0	0	0	999213	DIALLYLMALEATE	
2382	6.1576	211.967	107.062	-0.720	2.261	0	0	0	0	0	0	105760	DIBUTYLMALEATE	
2384	3.4807	203.571	69.493	-0.741	2.303	0	0	0	0	0	0	106638	ISOBUTYLACRYLATE	
2385	4.6940	226.124	135.278	-0.687	1.864	0	0	0	0	0	0	111820	METHYLDODECANOATE	
2386	4.7024	204.314	94.380	-1.214	4.682	0	0	0	0	0	0	141059	DIETHYLMALEATE	
2387	4.0921	219.910	71.371	-0.833	2.617	0	0	0	0	0	0	624486	DIMETHYLMALEATE	
2388	5.4099	205.534	100.837	-0.970	3.343	0	0	0	0	0	0	2432635	DIPROPYLMALEATE	
2389	3.4065	202.875	68.334	-0.697	1.952	0	0	0	0	0	0	2998085	sec-BUTYLACRYLATE	
2390	3.1277	202.024	66.459	-0.641	1.881	0	0	0	0	0	0	3377922	VINYLPIVALATE	
2391	3.0911	191.710	47.283	-0.965	3.065	0	0	0	0	0	0	616386	DIMETHYLCARBONATE	
2392	3.8528	241.879	89.132	-0.696	2.752	0	0	0	0	0	0	2315686	n-PROPYLBENZOATE	
2405	3.3093	198.106	78.903	-0.736	2.225	0	0	0	0	0	0	628557	DIISOBUTYLETHER	
2414	3.0540	195.170	64.113	-0.854	2.683	0	0	0	0	0	0	628717	1-HEPTYNE	
2415	2.6660	188.210	53.096	-0.640	1.887	0	0	0	0	0	0	625547	ETHYLISOPROPYLETHER	
2417	3.7020	198.323	81.030	-0.725	2.154	0	0	0	0	0	0	5756434	ETHYLn-HEXYLETHER	
2422	2.5788	230.972	42.462	-0.605	1.778	0	0	0	0	0	0	505226	13-DIOXANE	
2432	3.3392	178.725	60.548	-0.986	3.321	0	0	0	0	0	0	462953	ETHYLAL	
2456	3.6307	191.994	65.904	-0.727	2.163	0	0	0	0	0	0	629141	12-DIETHOXYETHANE	
2478	2.2473	217.742	36.389	-0.580	1.788	0	0	0	0	0	0	1191997	23-DIHYDROFURAN	
2522	3.2723	235.645	88.920	-0.735	2.216	0	0	0	0	0	0	18970440	1-ETHYL-2-ISOPROPYLBENZENE	
2526	2.3892	228.605	48.883	-0.522	1.598	0	0	0	0	0	0	78999	11-DICHLOROPROPANE	
2527	2.5919	234.833	54.126	-0.641	1.955	0	0	0	0	0	0	142289	13-DICHLOROPROPANE	
2545	2.0887	261.697	46.493	-0.112	0.380	0	0	0	0	0	0	78886	23-DICHLOROPROPENE	
2575	5.8837	235.672	189.581	-0.983	3.516	0	0	0	0	0	0	2131182	n-PENTADECYLBENZENE	
2576	6.1589	236.102	196.501	-0.972	3.505	0	0	0	0	0	0	1459092	n-HEXADECYLBENZENE	
2577	6.2877	236.144	209.601	-1.017	3.741	0	0	0	0	0	0	14752751	n-HEPTADECYLBENZENE	
2578	6.4900	236.471	218.864	-1.029	3.821	0	0	0	0	0	0	4445072	n-OCTADECYLBENZENE	
2592	3.3204	251.093	61.628	-0.972	3.229	0	0	0	0	0	0	87616	123-TRICHLOROBENZENE	
2593	2.9553	257.916	74.100	-0.890	2.822	0	0	0	0	0	0	108703	135-TRICHLOROBENZENE	
2610	2.7885	170.243	63.605	-0.626	1.830	0	0	0	0	0	0	662011	13-DICHLOROHEXAFLUOROPROPAN	
2611	2.2860	200.042	72.592	-0.742	2.165	0	0	0	0	0	0	356183	12-DICHLOROHEXAFLUOROCYCLOB	
2615	2.4538	138.801	46.984	-1.181	3.726	0	0	0	0	0	0	677214	333-TRIFLUOROPROPENE	
2619	2.7773	164.078	29.569	-0.582	1.672	0	0	0	0	0	0	430660	112-TRIFLUOROETHANE	
2623	3.1842	151.480	73.836	-0.705	2.068	0	0	0	0	0	0	678262	PERFLUORO-n-PENTANE	
2625	3.2364	160.734	73.869	-0.702	2.031	0	0	0	0	0	0	1805227	PERFLUOROMETHYLCYCLOPENTANE	
2626	3.9793	158.548	98.046	-0.698	1.996	0	0	0	0	0	0	335579	PERFLUORO-n-HEPTANE	
2627	3.0415	159.682	40.157	-0.473	1.214	0	0	0	0	0	0	460731	11133-PENTAFLUOROPROPANE	
2628	2.9202	165.331	41.746	-0.702	2.097	0	0	0	0	0	0	679867	11223-PENTAFLUOROPROPANE	
2629	2.6607	146.646	44.744	-0.627	1.843	0	0	0	0	0	0	1814886	11122-PENTAFLUOROPROPANE	
2630	2.9315	138.034	47.196	-0.696	1.968	0	0	0	0	0	0	431890	1112333-HEPTAFLUOROPRO	
2631	3.0051	153.584	42.198	-0.558	1.632	0	0	0	0	0	0	431630	111233-HEXAFLUOROPROPAN	
2634	2.6353	224.201	60.441	-0.361	1.054	0	0	0	0	0	0	98088	BENZOTRIFLUORIDE	
2637	2.1652	262.196	31.844	-0.473	1.639	0	0	0	0	0	0	74953	DIBROMOMETHANE	
2638	2.4700	225.884	45.885	-0.599	1.768	0	0	0	0	0	0	78762	2-BROMOBUTANE	
2639	2.1493	236.501	33.065	-0.548	1.673	0	0	0	0	0	0	74975	BROMOCHLOROMETHANE	
2640	2.5046	194.211	48.346	-0.687	2.028	0	0	0	0	0	0	151677	HALOTHANE	
2641	2.0759	258.896	48.066	-0.616	1.888	0	0	0	0	0	0	75627	BROMOTRICHLOROMETHANE	
2642	2.2314	181.255	40.964	-0.731	2.170	0	0	0	0	0	0	624726	12-DIFLUOROETHANE	
2645	2.4376	182.272	49.534	-0.694	1.977	0	0	0	0	0	0	812044	22-DICHLORO-112-TRIFLUORO	
2646	2.3481	249.845	73.078	-0.684	1.892	0	0	0	0	0	0	354563	PENTACHLOROFLUOROETHANE	
2647	2.3274	189.665	48.089	-0.564	1.781	0	0	0	0	0	0	354234	12-DICHLORO-112-TRIFLUORO	
2648	2.5714	157.372	38.977	-0.512	1.614	0	0	0	0	0	0	2837890	2-CHLORO-1112-TETRAFLUORO	
2649	2.2247	199.984	42.153	-0.567	1.741	0	0	0	0	0	0	1717006	11-DICHLORO-1-FLUOROETHANE	
2650	2.7794	139.670	34.815	-0.753	2.240	0	0	0	0	0	0	811972	1112-TETRAFLUOROETHANE	
2651	2.9769	134.537	43.356	-0.478	1.276	0	0	0	0	0	0	684162	HEXAFLUOROACETONE	
2652	2.7853	126.959	49.979	-0.865	2.704	0	0	0	0	0	0	76197	OCTAFLUOROPROPANE	
2653	2.5951	153.277	62.089	-0.596	1.745	0	0	0	0	0	0	360894	OCTAFLUORO-2-BUTENE	
2654	2.9347	143.053	51.220	-0.708	2.099	0	0	0	0	0	0	115253	OCTAFLUOROCYCLOBUTANE	
2655	2.3819	196.522	54.306	-0.610	1.780	0	0	0	0	0	0	76131	112-TRICHLOROTRIFLUOROETHA	
2656	2.5257	212.701	64.293	-0.761	2.222	0	0	0	0	0	0	76120	1122-TETRACHLORODIFLUOROETHANE	
2658	2.4105	217.752	64.823	-0.726	2.052	0	0	0	0	0	0	76119	1112-TETRACHLORODIFLUOROE	
2659	2.3746	230.502	52.857	-0.552	1.712	0	0	0	0	0	0	2366361	111-TRICHLOROFLUOROETHANE	
2660	2.4575	145.456	36.752	-1.099	3.420	0	0	0	0	0	0	359353	1122-TETRAFLUOROETHANE	
2661	2.7314	260.506	61.696	-0.818	2.507	0	0	0	0	0	0	106387	p-BROMOTOLUENE	
2684	3.0321	244.008	79.081	-0.650	2.147	0	0	0	0	0	0	638459	n-HEXYLIODIDE	
2685	2.5259	233.172	66.467	-0.823	2.225	0	0	0	0	0	0	542698	n-BUTYLIODIDE	
2686	2.0510	185.595	38.568	-0.526	1.741	0	0	0	0	0	0	353593	BROMOCHLORODIFLUOROMETHANE	
2687	1.9666	148.235	34.474	-0.634	1.913	0	0	0	0	0	0	75638	BROMOTRIFLUOROMETHANE(R13B1)	
2688	1.6582	251.819	40.787	0.138	0.689	0	0	0	0	0	0	75616	DIBROMODIFLUOROMETHANE	
2690	1.9918	188.377	38.203	-0.584	1.758	0	0	0	0	0	0	598732	BROMOTRIFLUOROETHYLENE	
2691	2.3440	151.934	36.600	-0.698	2.025	0	0	0	0	0	0	79389	CHLOROTRIFLUOROETHYLENE	
2692	2.3814	139.804	44.148	-0.746	2.174	0	0	0	0	0	0	76153	CHLOROPENTAFLUOROETHANE	
2693	2.3996	115.632	37.944	-0.768	2.374	0	0	0	0	0	0	76164	HEXAFLUOROETHANE	
2694	2.5123	175.849	28.283	-1.126	4.099	0	0	0	0	0	0	593602	VINYLBROMIDE	
2695	2.2741	169.838	38.578	-0.575	1.789	0	0	0	0	0	0	75683	1-CHLORO-11-DIFLUOROETHANE	
2696	1.8286	160.274	22.168	-0.021	0.567	0	0	0	0	0	0	75025	VINYLFLUORIDE	
2706	1.7219	137.712	203.350	-1.456	0.977	0.001	730	1470	1	1	1	111262	n-HEXYLAMINE                  	
2707	2.3148	132.441	199.220	-1.428	1.840	0.001	730	1470	1	1	1	111682	n-HEPTYLAMINE                 	
2708	1.8565	198.157	204.750	-1.529	0.894	0.001	730	1470	1	1	1	111864	n-OCTYLAMINE                  	
2709	1.9589	222.794	207.530	-1.534	0.884	0.001	730	1470	1	1	1	112209	n-NONYLAMINE                  	
2710	2.0672	238.332	210.560	-1.505	0.716	0.001	730	1470	1	1	1	2016571	n-DECYLAMINE                  	
2712	5.3000	197.699	139.030	-1.414	5.775	0	0	0	0	0	0	124221	n-DODECYLAMINE	
2713	2.9304	206.815	62.849	-0.635	1.850	0	0	0	0	0	0	18328900	N-ETHYL-2-METHYLALLYLAMINE	
2715	3.7264	198.734	84.204	-0.813	2.483	0	0	0	0	0	0	102705	TRIALLYLAMINE	
2716	4.8743	198.256	116.925	-0.904	2.993	0	0	0	0	0	0	102829	TRI-n-BUTYLAMINE	
2719	4.9055	178.443	83.199	-0.856	2.788	0	0	0	0	0	0	102692	TRIPROPYLAMINE	
2720	3.0562	207.493	57.120	-0.885	2.805	0	0	0	0	0	0	109751	VINYLACETONITRILE	
2722	3.2552	203.047	57.818	-0.659	1.916	0	0	0	0	0	0	111364	n-BUTYLISOCYANATE	
2723	3.8747	212.720	61.089	-0.706	2.085	0	0	0	0	0	0	3173533	CYCLOHEXYLISOCYANATE	
2724	3.4394	66.525	244.340	-0.758	2.423	0.001	730	1470	1	1	1	578541	o-ETHYLANILINE                	
2725	2.1030	97.975	262.860	-1.346	0.664	0.001	730	1470	1	1	1	95545	o-PHENYLENEDIAMINE            	
2726	2.2680	253.560	29.921	0.294	0.815	0	0	0	0	0	0	75558	PROPYLENEIMINE	
2727	3.3492	71.097	262.070	-1.257	3.143	0.001	730	1470	1	1	1	108452	m-PHENYLENEDIAMINE            	
2728	2.2928	197.448	199.230	-1.433	0.848	0.0004	1010	1010	1	1	1	4062606	NN'-DI-tert-BUTYLETHYLENEDIAMI	
2729	3.4990	38.626	213.980	-0.578	4.299	0.0004	730	1470	1	1	1	1003038	CYCLOPENTYLAMINE              	
2730	3.8097	244.654	102.660	-0.912	3.348	0	0	0	0	0	0	101837	DICYCLOHEXYLAMINE	
2731	1.5181	130.557	232.700	-1.356	0.377	0.0004	1010	1010	1	1	1	100607	N-METHYLCYCLOHEXYLAMINE       	
2733	4.6910	249.361	87.716	-0.842	2.726	0	0	0	0	0	0	2141584	cis-DICYANO-1-BUTENE	
2735	4.7084	236.729	82.677	-0.818	2.565	0	0	0	0	0	0	1119853	14-DICYANO-2-BUTENE	
2738	5.3192	242.287	102.084	-1.261	5.130	0	0	0	0	0	0	119755	o-NITRODIPHENYLAMINE	
2739	2.5268	80.150	195.440	-1.071	1.290	0.0004	1010	1010	1	1	1	124027	DIALLYLAMINE                  	
2740	4.7117	279.814	81.473	0.013	1.709	0	0	0	0	0	0	99650	m-DINITROBENZENE	
2741	4.7646	231.766	96.418	-1.746	7.861	0	0	0	0	0	0	528290	o-DINITROBENZENE	
2742	4.6786	215.786	107.899	-1.915	8.439	0	0	0	0	0	0	100254	p-DINITROBENZENE	
2750	1.6259	127.095	274.300	-1.453	0.144	0.0004	730	1470	1	1	1	106503	p-PHENYLENEDIAMINE            	
2751	3.2430	223.141	62.567	-1.038	3.512	0	0	0	0	0	0	103719	PHENYLISOCYANATE	
2752	3.2747	41.717	224.140	-0.831	3.059	0.0008	1010	1010	1	1	1	110850	PIPERAZINE                    	
2759	2.1345	340.777	51.025	-0.297	1.037	0	0	0	0	0	0	289805	PYRIDAZINE	
2763	2.1703	264.791	46.094	-0.668	1.936	0	0	0	0	0	0	289952	PYRIMIDINE	
2766	2.2910	46.440	288.650	-0.789	1.667	0.0004	1010	1010	1	1	1	288131	PYRAZOLE                      	
2771	4.0637	229.651	64.535	-0.842	2.676	0	0	0	0	0	0	928530	MALEONITRILE	
2772	4.0585	212.051	61.934	-0.935	3.070	0	0	0	0	0	0	764421	FUMARONITRILE	
2773	5.0257	224.755	65.534	-0.839	2.689	0	0	0	0	0	0	628875	22'-IMINOBIS-ACETONITRILE	
2774	6.3170	235.448	95.055	-1.000	3.650	0	0	0	0	0	0	7327608	22'2''-NITRILOTRIS-ACETONI	
2779	8.0742	185.161	62.274	-0.988	3.866	0	0	0	0	0	0	55630	NITROGLYCERINE	
2784	2.9406	66.341	293.050	-0.620	1.606	0.0004	1010	1010	1	1	1	120729	INDOLE                        	
2785	2.6549	310.158	58.172	-0.636	1.944	0	0	0	0	0	0	119653	ISOQUINOLINE	
2786	2.0893	213.770	287.240	-1.384	0.168	0.0004	730	1470	1	1	1	60093	p-AMINOAZOBENZENE             	
2787	2.6662	142.816	282.150	-1.302	1.575	0.0004	730	1470	1	1	1	92671	p-AMINODIPHENYL               	
2788	5.0924	247.367	98.348	-0.959	3.266	0	0	0	0	0	0	3173726	15-NAPHTHALENEDIISOCYANATE	
2789	1.4269	265.180	311.560	-1.559	0.460	0.0004	1010	1010	1	1	1	86748	DIBENZOPYRROLE                	
2790	3.2938	248.836	60.300	-0.705	2.068	0	0	0	0	0	0	100549	NICOTINONITRILE	
2793	2.6400	185.925	34.045	-0.742	2.183	0	0	0	0	0	0	624839	METHYLISOCYANATE	
2794	5.7997	183.646	46.650	-1.166	4.683	0	0	0	0	0	0	5809596	ACROLEINCYANOHYDRIN	
2795	3.0383	237.695	71.027	-0.707	2.114	0	0	0	0	0	0	108758	246-TRIMETHYLPYRIDINE	
2796	2.8781	235.046	59.318	-0.587	1.725	0	0	0	0	0	0	108485	26-DIMETHYLPYRIDINE	
2797	2.6247	250.280	51.253	-0.631	1.916	0	0	0	0	0	0	108996	3-METHYLPYRIDINE	
2798	4.5369	235.268	84.125	-0.809	2.513	0	0	0	0	0	0	4553622	METHYLGLUTARONITRILE	
2799	2.6416	249.594	51.464	-0.645	1.949	0	0	0	0	0	0	108894	4-METHYLPYRIDINE	
2801	4.7036	239.436	98.632	-0.838	2.664	0	0	0	0	0	0	4098719	ISOPHORONEDIISOCYANATE	
2812	1.9193	247.847	31.013	-0.448	1.550	0	0	0	0	0	0	420122	THIACYCLOPROPANE	
2815	2.7581	226.837	61.817	-0.597	1.792	0	0	0	0	0	0	628295	METHYLn-BUTYLSULFIDE	
2816	2.5629	233.959	67.925	-0.510	1.550	0	0	0	0	0	0	14290927	ETHYLt-BUTYLSULFIDE	
2817	1.9802	271.924	38.424	-0.362	1.297	0	0	0	0	0	0	287274	TRIMETHYLENESULFIDE	
2823	3.1661	320.817	83.782	-0.753	2.387	0	0	0	0	0	0	132650	DIBENZOTHIOPHENE	
2838	4.3693	221.577	122.712	-0.802	2.474	0	0	0	0	0	0	25103586	tert-DODECYLMERCAPTAN	
2839	3.4600	229.586	97.874	-0.701	2.048	0	0	0	0	0	0	25360105	tert-NONYLMERCAPTAN	
2844	2.3165	251.924	46.238	-0.519	1.616	0	0	0	0	0	0	554143	2-METHYLTHIOPHENE	
2845	2.3207	253.229	46.576	-0.522	1.618	0	0	0	0	0	0	616444	3-METHYLTHIOPHENE	
2850	2.7373	255.875	97.845	-1.026	3.157	0	0	0	0	0	0	76222	CAMPHOR	
2851	1.3821	40.696	292.160	-1.271	2.818	0.001	3300	3300	1	1	1	75127	FORMAMIDE                     	
2852	2.1097	70.018	260.600	-1.163	0.997	0.0008	1420	780	1	1	1	123397	N-METHYLFORMAMIDE             	
2853	2.4472	52.883	275.830	-1.010	1.778	0.0008	880	2640	1	1	1	60355	ACETAMIDE                     	
2855	3.2332	55.932	192.820	-1.510	6.369	0.001	1280	3960	1	1	1	98000	FURFURYLALCOHOL               	
2856	2.9764	241.010	59.590	-0.696	1.964	0	0	0	0	0	0	127195	NN-DIMETHYLACETAMIDE	
2858	2.9986	154.973	35.511	-0.638	1.857	0	0	0	0	0	0	1691174	BIS(DIFLUOROMETHYL)ETHER	
2866	3.1381	222.211	58.557	-0.692	1.912	0	0	0	0	0	0	105395	ETHYLCHLOROACETATE	
2868	3.1135	161.380	45.977	-0.649	1.888	0	0	0	0	0	0	1885489	2-(DIFLUOROMETHOXY)-111-TR	
2870	2.6933	73.150	283.990	-1.490	4.941	0.0004	400	6200	1	1	1	123568	SUCCINIMIDE                   	
2871	5.6347	284.725	79.782	-0.965	3.365	0	0	0	0	0	0	619669	4-CARBOXYBENZALDEHYDE	
2875	3.9034	200.279	49.835	-0.862	2.829	0	0	0	0	0	0	547648	METHYLLACTATE	
2876	1.6536	78.408	227.360	-1.155	3.434	0.001	1280	3960	1	1	1	1589475	2-METHOXYPROPANOL-1           	
2878	2.4647	83.929	280.420	-1.423	4.708	0.001	400	6200	1	1	1	55210	BENZAMIDE                     	
2879	2.8258	89.424	243.810	-0.930	1.737	0.001	540	1660	1	1	1	7775384	alpha-METHYLBENZYLALCOHOLF    	
2882	3.6879	242.094	70.610	-1.089	3.841	0	0	0	0	0	0	121733	m-CHLORONITROBENZENE	
2885	1.7806	119.169	254.960	-1.392	0.386	0.001	540	1660	1	1	1	2628173	4-HYDROXYSTYRENE              	
2890	7.3768	215.251	142.642	-1.175	4.896	0	0	0	0	0	0	17990113	ISOAGATHOLAL	
2892	1.8172	111.971	221.000	-1.642	2.143	0.001	540	1660	1	1	1	95578	o-CHLOROPHENOL                	
2893	1.7400	117.317	240.550	-1.597	1.439	0.001	540	1660	1	1	1	108430	m-CHLOROPHENOL                	
2894	1.7377	114.996	246.840	-1.562	1.279	0.001	540	1660	1	1	1	106489	p-CHLOROPHENOL                	
2895	1.5559	128.856	212.790	-1.490	0.536	0.001	540	1660	1	1	1	771619	PENTAFLUOROPHENOL             	
2898	1.1726	106.771	198.020	-1.682	2.229	0.001	1280	3960	1	1	1	107073	2-CHLOROETHANOL               	
2899	4.5810	242.815	75.084	-0.816	2.587	0	0	0	0	0	0	99638	ISOPHTHALOYLCHLORIDE	
2900	3.1908	278.006	55.164	-0.750	2.363	0	0	0	0	0	0	4394858	4-FORMYLMORPHOLINE	
2930	0.3866	1896.440	5.919	-0.749	1.513	0	0	0	0	0	0	7439976	MERCURY	
2965	2.2705	240.937	60.893	-0.985	2.157	0	0	0	0	0	0	7550450	TITANIUMTETRACHLORIDE	
2966	1.8671	132.503	24.143	-0.930	3.130	0	0	0	0	0	0	7782652	GERMANIUMTETRAHYDRIDE	
2969	2.0323	284.473	60.334	-0.095	0.427	0	0	0	0	0	0	1184583	DIMETHYLALUMINUMCHLORIDE	
2990	3.9494	186.497	132.051	-0.796	2.413	0	0	0	0	0	0	107517	OCTAMETHYLTRISILOXANE	
2991	6.7087	195.090	325.744	-0.974	3.609	0	0	0	0	0	0	556694	OCTADECAMETHYLOCTASILOXANE	
2994	3.1765	212.849	94.353	-0.875	2.788	0	0	0	0	0	0	631367	TETRAETHYLSILANE	
2995	6.0738	199.548	283.358	-0.701	2.024	0	0	0	0	0	0	541015	HEXADECAMETHYLHEPTASILOXANE	
2996	2.7303	286.795	82.004	-0.312	0.785	0	0	0	0	0	0	96106	DIETHYLALUMINUMCHLORIDE	
3051	4.1194	198.443	94.619	-1.023	3.520	0	0	0	0	0	0	2570970	3-ETHYLHEPTANAL	
3052	4.2694	221.212	107.515	-0.707	2.003	0	0	0	0	0	0	927491	DIAMYLKETONE	
3101	2.8105	346.555	195.770	-1.622	1.147	0.0004	1280	3960	1	1	1	21078819	2-BUTYL-1-DECANOL             	
3103	6.3154	134.906	185.070	-1.453	6.184	0.0004	1280	3960	1	1	1	22663612	2-METHYL-DODECAN-1-OL         	
3104	3.7238	146.411	176.620	-1.703	5.066	0.0004	1280	3960	1	1	1	38514033	4-METHYL-1-OCTANOL            	
3105	3.1976	165.790	179.940	-1.670	3.725	0.0004	1280	3960	1	1	1	38514055	6-METHYL-1-OCTANOL            	
3106	3.2677	149.620	184.100	-1.590	3.458	0.0004	1280	3960	1	1	1	3525255	3-ETHYL-1-HEPTANOL            	
3107	4.2328	95.655	199.510	-1.694	7.190	0.0004	1280	3960	1	1	1	89838	THYMOL                        	
3108	2.8023	108.647	236.590	-1.331	2.853	0.0004	1280	3960	1	1	1	3228033	1-METHYL-3-HYDROXY-5-ISOPROP  	
3109	3.5034	99.992	220.670	-1.549	5.803	0.0004	1280	3960	1	1	1	3228022	1-METHYL-3-HYDROXY-6-ISOPROP  	
3240	3.6834	141.831	192.880	-1.542	2.324	0.0004	1280	3960	1	1	1	565480	cis-18-TERPIN                 	
3241	6.9250	80.022	188.830	-1.496	7.723	0.0004	1280	3960	1	1	1	565504	trans-18-TERPIN               	
3251	3.2001	207.819	85.976	-0.668	1.912	0	0	0	0	0	0	13151069	7-METHYL-1-OCTENE	
3258	3.4673	214.612	97.530	-0.692	1.987	0	0	0	0	0	0	2980714	2-METHYL-1-NONENE	
3259	3.4650	215.816	97.910	-0.688	1.973	0	0	0	0	0	0	26741242	8-METHYL-1-NONENE	
3260	3.5935	213.699	97.799	-0.699	2.012	0	0	0	0	0	0	20348510	cis-2-DECENE	
3261	3.6319	212.246	97.190	-0.701	2.023	0	0	0	0	0	0	20063972	trans-2-DECENE	
3262	4.1316	218.211	115.430	-0.717	2.095	0	0	0	0	0	0	7206260	cis-2-DODECENE	
3263	4.1322	218.202	115.425	-0.717	2.097	0	0	0	0	0	0	7206135	trans-2-DODECENE	
3292	4.2682	196.937	84.402	-1.108	3.976	0	0	0	0	0	0	97723	ISOBUTYRICANHYDRIDE	
3301	5.3935	204.884	176.834	-1.214	4.753	0	0	0	0	0	0	6846500	224-TRIMETHYL-13-PENTANEDIOLDIISOBUTYRATE	
3302	3.3870	206.308	61.198	-0.667	1.945	0	0	0	0	0	0	628080	n-CROTYLACETATE	
3303	3.1326	207.596	58.256	-0.511	1.362	0	0	0	0	0	0	6737117	sec-BUTENYLACETATE	
3305	8.6630	218.815	217.515	-1.144	6.406	0	0	0	0	0	0	6422862	DI(2-ETHYLHEXYL)TEREPHTHALATE	
3306	3.9396	258.294	65.110	-1.306	4.923	0	0	0	0	0	0	87412	PHTHALIDE	
3366	3.5828	263.738	53.298	-0.620	1.684	0	0	0	0	0	0	4427967	VINYLETHYLENECARBONATE	
3377	4.4431	204.066	70.485	-1.035	3.532	0	0	0	0	0	0	106650	DIMETHYLSUCCINATE	
3379	6.1572	214.188	360.509	-2.009	10.100	0	0	0	0	0	0	103231	DI(2-ETHYLHEXYL)ADIPATE	
3394	4.1171	181.589	78.686	-1.364	3.027	0	0	0	0	0	0	108598	DIMETHYLMALONATE	
3545	3.7776	229.203	100.096	-0.731	2.223	0	0	0	0	0	0	102250	135-TRIETHYLBENZENE	
3601	4.8017	229.623	123.534	-0.713	2.094	0	0	0	0	0	0	143157	1-BROMODODECANE	
3603	1.9964	167.941	41.864	-0.773	2.241	0	0	0	0	0	0	2314978	TRIFLUOROIODOMETHANE	
3605	2.7709	134.621	38.361	-0.632	1.851	0	0	0	0	0	0	3822682	DIFLUOROMETHYLTRIFLUOROMETH	
3701	2.5985	79.384	247.290	-1.653	5.243	0.0004	400	6200	1	1	1	6228735	CYCLOPROPANECARBOXAMIDE       	
3702	2.8577	224.551	54.842	-0.936	2.968	0	0	0	0	0	0	5500210	CYCLOPROPYLCYANIDE	
3704	6.8954	250.268	64.173	-1.042	3.972	0	0	0	0	0	0	121824	RDX	
3705	7.7102	277.803	122.651	-1.194	5.089	0	0	0	0	0	0	2691410	HMX	
3706	1.8876	142.953	206.970	-1.549	0.919	0.0004	730	1470	1	1	1	462942	15-PENTANEDIAMINE             	
3710	3.8010	268.760	109.214	-0.839	2.665	0	0	0	0	0	0	59919414	26-DIETHYLNAPHTHALENE	
3714	3.9362	268.111	110.152	-0.720	2.116	0	0	0	0	0	0	86895	1-n-PENTYLNAPHTHALENE	
3716	6.6102	227.689	214.008	-0.697	1.992	0	0	0	0	0	0	1116763	TRI-n-OCTYLAMINE	
3722	2.1068	220.452	206.130	-1.414	0.169	0.0004	1010	1010	1	1	1	2050922	DIAMYLAMINE                   	
3723	5.8576	193.009	136.263	-0.955	3.359	0	0	0	0	0	0	621772	TRIAMYLAMINE	
3724	3.6492	150.994	212.020	-1.235	2.530	0.001	730	1470	1	1	1	7307553	UNDECYLAMINE                  	
3728	4.5637	229.295	217.050	-1.163	2.528	0.0004	730	1470	2	1	1	1120485	DI-n-OCTYLAMINE               	
3729	6.2773	203.062	142.023	-0.920	3.333	0	0	0	0	0	0	106207	DI-2-ETHYLHEXYLAMINE	
3730	3.1288	206.626	71.212	-0.642	1.863	0	0	0	0	0	0	110189	TETRAMETHYLETHYLENEDIAMINE	
3740	3.3964	312.922	89.640	-0.830	2.661	0	0	0	0	0	0	260946	ACRIDINE	
3742	1.8014	87.575	207.840	-1.458	1.145	0.0004	730	1470	2	1	1	109762	13-PROPANEDIAMINE             	
3747	6.9817	257.816	105.373	-1.059	4.083	0	0	0	0	0	0	1821278	44'-DINITRODIPHENYLAMINE	
3748	7.4232	257.188	142.721	-1.185	4.966	0	0	0	0	0	0	1100103	44'-DINITROTRIPHENYLAMINE	
3750	2.2606	202.634	292.510	-1.417	0.168	0.001	730	1470	1	1	1	92875	BENZIDINE                     	
3790	3.3620	273.675	83.342	-0.344	0.620	0	0	0	0	0	0	91087	26-TOLUENEDIISOCYANATE	
3796	1.9883	106.683	260.130	-1.065	0.154	0.0004	1010	1010	1	1	1	103695	N-ETHYLANILINE                	
3801	3.1864	240.125	82.958	-0.937	3.042	0	0	0	0	0	0	110065	DI-tert-BUTYLDISULFIDE	
3802	2.6406	244.024	86.911	-0.531	1.526	0	0	0	0	0	0	107471	DI-tert-BUTYLSULFIDE	
3803	2.3684	256.447	56.199	-0.551	1.661	0	0	0	0	0	0	1795091	2-METHYLTHIACYCLOPENTANE	
3804	2.4706	235.384	60.569	-0.512	1.497	0	0	0	0	0	0	2084197	2-PENTANETHIOL	
3805	2.3538	226.363	51.511	-0.556	1.728	0	0	0	0	0	0	1551219	METHYLISOPROPYLSULFIDE	
3806	4.1922	300.047	76.964	-0.787	2.401	0	0	0	0	0	0	92842	PHENOTHIAZINE	
3807	2.3819	274.630	61.425	-0.338	0.977	0	0	0	0	0	0	1551322	2-ETHYL-TETRAHYDROTHIOPHENE	
3808	3.6104	277.411	87.742	-0.707	2.095	0	0	0	0	0	0	16587329	2-PROPYLBENZOTHIOPHENE	
3809	3.8937	270.203	100.229	-0.844	2.622	0	0	0	0	0	0	17890538	2-BUTYLBENZOTHIOPHENE	
3810	2.5999	240.895	54.139	-0.712	2.086	0	0	0	0	0	0	872559	2-ETHYLTHIOPHENE	
3811	2.8534	240.594	62.129	-0.745	2.252	0	0	0	0	0	0	1551275	2-n-PROPYLTHIOPHENE	
3812	2.6814	234.027	55.900	-0.890	2.757	0	0	0	0	0	0	638028	25-DIMETHYLTHIOPHENE	
3813	2.6416	233.323	54.999	-0.937	2.912	0	0	0	0	0	0	20333395	ETHYLMETHYLDISULFIDE	
3814	3.1261	232.544	68.967	-0.892	2.848	0	0	0	0	0	0	30453317	ETHYLPROPYLDISULFIDE	
3815	2.6787	278.018	60.790	-0.517	1.463	0	0	0	0	0	0	100685	METHYLPHENYLSULFIDE	
3816	3.5446	220.656	91.541	-0.882	2.800	0	0	0	0	0	0	544401	DI-n-BUTYLSULFIDE	
3817	3.2966	273.337	78.770	-0.712	2.148	0	0	0	0	0	0	16587409	27-DIMETHYLBENZOTHIOPHENE	
3818	4.2946	216.210	98.898	-0.743	2.406	0	0	0	0	0	0	544025	DIISOPENTYLSULFIDE	
3819	4.1345	282.646	70.488	-0.336	0.197	0	0	0	0	0	0	882337	DIPHENYLDISULFIDE	
3820	3.4042	316.546	93.579	-0.706	2.079	0	0	0	0	0	0	7372885	4-METHYLDIBENZOTHIOPHENE	
3821	2.8126	217.485	63.488	-0.748	2.273	0	0	0	0	0	0	4110503	ETHYLPROPYLSULFIDE	
3822	2.9861	231.129	67.803	-0.447	1.185	0	0	0	0	0	0	1741839	METHYLPENTYLSULFIDE	
3851	3.9769	202.651	75.224	-0.775	2.336	0	0	0	0	0	0	54839246	PROPYLENEGLYCOLETHYLETHERACETATE	
3860	2.4572	78.518	268.830	-1.058	1.295	0.0004	730	1470	1	1	1	106478	p-CHLOROANILINE               	
3874	3.5727	248.002	75.764	-0.861	2.780	0	0	0	0	0	0	140294	PHENYLACETONITRILE	
3876	2.9851	297.867	49.460	-0.695	1.965	0	0	0	0	0	0	625229	DI-n-BUTYLSULFATE	
3881	2.5418	181.354	390.660	-1.082	2.580	0.001	1280	3960	1	1	1	57501	SUCROSE                       	
3882	5.4654	194.302	51.581	-0.969	3.440	0	0	0	0	0	0	628966	ETHYLENEGLYCOLDINITRATE	
3883	3.7708	202.693	61.893	-1.070	3.745	0	0	0	0	0	0	623814	DIETHYLSULFITE	
3888	2.3124	353.522	77.575	-0.641	1.925	0	0	0	0	0	0	10441573	N-METHYLTHIOPYRROLIDONE	
3889	3.4483	139.811	49.864	-0.706	2.080	0	0	0	0	0	0	10493433	PENTAFLUOROETHYLTRIFLUOROVI	
3890	2.9018	135.452	42.114	-0.638	1.861	0	0	0	0	0	0	1187935	TRIFLUOROMETHYLTRIFLUOROVIN	
3899	3.1628	216.034	73.514	-0.505	1.303	0	0	0	0	0	0	585079	tert-BUTYLMETHACRYLATE	
3923	3.7094	194.420	82.434	-0.860	2.719	0	0	0	0	0	0	1115997	TRIETHYLGALLIUM	
3925	2.4329	241.282	57.549	-0.473	1.436	0	0	0	0	0	0	7646788	TIN(IV)CHLORIDE	
3927	2.6469	239.588	45.598	-0.742	2.231	0	0	0	0	0	0	7784341	ARSENIC(III)CHLORIDE	
3928	1.4270	606.259	130.579	-0.616	1.780	0	0	0	0	0	0	1327533	ARSENICTRIOXIDE	
3929	4.5038	163.281	126.899	-1.491	4.462	0	0	0	0	0	0	78104	TETRAETHOXYSILANE	
3930	6.0940	169.171	132.374	-1.706	8.050	0	0	0	0	0	0	919302	gamma-AMINOPROPYLTRIETHOXYSILANE	
3931	6.0494	205.069	283.974	-0.701	2.111	0	0	0	0	0	0	556683	HEXADECAMETHYLCYCLOOCTASILOX	
3932	7.1518	199.189	345.157	-0.946	3.988	0	0	0	0	0	0	2652133	EICOSAMETHYLNONASILOXANE	
3933	8.9687	213.324	345.513	-0.292	1.149	0	0	0	0	0	0	2471081	HEXACOSAMETHYLDODECASILOXANE	
3934	4.4692	227.862	107.221	-0.708	2.025	0	0	0	0	0	0	7351613	(3-METHYLACRYLOXYPROPYL)TRIC	
3936	2.5088	182.209	50.341	-0.959	3.016	0	0	0	0	0	0	75547	METHYLDICHLOROSILANE	
3937	2.4439	198.841	59.563	-0.889	2.733	0	0	0	0	0	0	75796	METHYLTRICHLOROSILANE	
3938	2.5387	213.104	66.588	-0.635	1.875	0	0	0	0	0	0	75945	VINYLTRICHLOROSILANE	
3943	5.0001	213.588	145.306	-1.041	2.308	0	0	0	0	0	0	1067534	TRIS(2-METHOXYETHOXY)VINYLSI	
3944	3.4198	192.812	71.620	-0.874	2.755	0	0	0	0	0	0	681845	METHYLSILICATE	
3948	3.9333	222.200	95.221	-0.523	1.759	0	0	0	0	0	0	2530872	3-CHLOROPROPYLTRIMETHOXYSILA	
3958	5.2796	179.295	212.046	-1.786	5.638	0	0	0	0	0	0	2530838	[3-(23-EPOXYPROXY)PROPYL]TR	
3969	2.2083	272.179	54.389	-0.151	0.347	0	0	0	0	0	0	75241	TRIMETHYLALUMINUM	
3971	3.6274	224.233	106.126	-0.723	2.117	0	0	0	0	0	0	78002	TETRAETHYLLEAD	
3972	3.9270	214.736	117.695	-0.760	2.266	0	0	0	0	0	0	563439	ETHYLALUMINUMDICHLORIDE	
3979	7.8716	196.448	169.890	-1.269	5.619	0	0	0	0	0	0	35112744	BIS[3-(TRIMETHOXYSILYL)PROPY	
3984	1.7714	155.770	32.832	-0.831	2.389	0	0	0	0	0	0	992949	METHYLSILANE	
3985	1.7644	194.144	42.428	-0.268	1.220	0	0	0	0	0	0	1111746	DIMETHYLSILANE	
3986	1.9903	189.954	52.883	-0.532	1.654	0	0	0	0	0	0	993077	TRIMETHYLSILANE	
3987	2.3876	183.267	53.314	-0.879	2.657	0	0	0	0	0	0	1066359	DIMETHYLCHLOROSILANE	
3988	2.4789	198.256	58.083	-0.599	1.823	0	0	0	0	0	0	75774	TRIMETHYLCHLOROSILANE	
3989	2.4653	209.668	54.798	-0.531	1.627	0	0	0	0	0	0	75785	DIMETHYLDICHLOROSILANE	
3991	4.4431	200.959	186.557	-0.609	1.578	0	0	0	0	0	0	541026	DECAMETHYLCYCLOPENTASILOXANE	
3992	4.9666	201.988	220.054	-0.690	1.912	0	0	0	0	0	0	540976	DODECAMETHYLCYCLOHEXASILOXAN	
3993	3.3315	300.355	111.602	-0.280	0.363	0	0	0	0	0	0	80104	DIPHENYLDICHLOROSILANE	
3994	2.4774	226.742	60.846	-0.463	1.355	0	0	0	0	0	0	115219	ETHYLTRICHLOROSILANE	
3995	2.7367	235.281	66.616	-0.339	0.861	0	0	0	0	0	0	1719535	DICHLORODIETHYLSILANE	
4858	1.6148	118.092	273.590	-1.362	0.455	0.001	730	1470	1	1	1	108429	m-CHLOROANILINE               	
4859	4.3340	223.445	80.245	-0.735	2.590	0	0	0	0	0	0	121175	4-CHLORO-3-NITROBENZOTRIFLUO	
4860	3.7623	228.312	88.537	-1.349	5.025	0	0	0	0	0	0	102363	34-DICHLOROPHENYLISOCYANAT	
4863	3.9419	214.557	87.048	-1.012	3.271	0	0	0	0	0	0	98464	3-NITROBENZOTRIFLUORIDE	
4865	2.8083	213.775	46.497	-0.621	1.810	0	0	0	0	0	0	75876	TRICHLOROACETALDEHYDE	
4867	2.7944	204.789	39.739	-0.818	2.426	0	0	0	0	0	0	107200	CHLOROACETALDEHYDE	
4868	2.8695	208.310	40.442	-0.624	1.822	0	0	0	0	0	0	79027	DICHLOROACETALDEHYDE	
4870	5.1034	249.251	73.549	-0.837	2.685	0	0	0	0	0	0	97007	1-CHLORO-24-DINITROBENZENE	
4872	3.8891	263.511	104.494	-1.201	4.432	0	0	0	0	0	0	100107	p-DIMETHYLAMINOBENZALDEHYDE	
4873	5.7458	149.030	35.397	-0.969	3.404	0	0	0	0	0	0	541413	ETHYLCHLOROFORMATE	
4876	3.1321	190.399	34.627	-0.649	1.888	0	0	0	0	0	0	79221	METHYLCHLOROFORMATE	
4877	2.9616	285.092	70.254	-0.439	1.094	0	0	0	0	0	0	6012971	TETRACHLOROTHIOPHENE	
4879	3.5232	67.388	276.520	-0.724	2.319	0.001	730	1470	1	1	1	95761	34-DICHLOROANILINE            	
4880	3.9540	251.208	71.327	-0.769	2.314	0	0	0	0	0	0	99547	12-DICHLORO-4-NITROBENZENE	
4882	3.6567	247.059	72.641	-1.108	3.927	0	0	0	0	0	0	88733	o-CHLORONITROBENZENE	
4883	3.6624	256.829	64.405	-0.703	2.048	0	0	0	0	0	0	100005	p-CHLORONITROBENZENE	
4884	3.2552	258.685	42.880	-1.023	3.408	0	0	0	0	0	0	78400	TRIETHYLPHOSPHATE	
4885	3.6729	236.806	33.493	-1.133	4.041	0	0	0	0	0	0	512561	TRIMETHYLPHOSPHATE	
4985	4.0284	176.277	75.578	-1.063	3.658	0	0	0	0	0	0	2768027	VINYLTRIMETHOXYSILANE	
4987	2.4413	220.859	67.067	-0.155	0.350	0	0	0	0	0	0	1112396	DIMETHYLDIMETHOXYSILANE	
4988	3.1513	247.576	83.027	-0.703	2.129	0	0	0	0	0	0	98135	PHENYLTRICHLOROSILANE	
4989	3.1875	247.494	85.054	-0.685	2.058	0	0	0	0	0	0	149746	PHENYLMETHYLDICHLOROSILANE	
4991	4.5131	174.158	40.905	-0.356	0.178	0	0	0	0	0	0	1066406	TRIMETHYLSILANOL	
4993	5.3813	198.816	246.368	-0.743	2.085	0	0	0	0	0	0	107528	TETRADECAMETHYLHEXASILOXANE	
4994	4.6653	187.307	165.781	-0.883	2.947	0	0	0	0	0	0	141628	DECAMETHYLTETRASILOXANE	
5851	5.3686	278.091	31.752	-1.952	9.382	0	0	0	0	0	0	115866	TRIPHENYLPHOSPHATE	
5857	2.7634	220.435	46.079	-0.620	1.811	0	0	0	0	0	0	542881	BIS(CHLOROMETHYL)ETHER	
5858	5.3850	230.031	92.439	-1.105	4.124	0	0	0	0	0	0	1656480	BIS(CYANOETHYL)ETHER	
5866	3.3631	212.461	46.054	-0.645	1.854	0	0	0	0	0	0	96344	METHYLCHLOROACETATE	
5867	2.6883	227.105	53.279	-0.621	1.822	0	0	0	0	0	0	625605	ETHYLTHIOLACETATE	
5869	2.2757	234.761	31.820	-0.386	1.242	0	0	0	0	0	0	288426	OXAZOLE	
5872	5.4542	196.137	38.029	-0.738	2.447	0	0	0	0	0	0	78977	LACTONITRILE	
5874	3.3920	241.990	38.897	-1.056	3.897	0	0	0	0	0	0	77781	DIMETHYLSULFATE	
5875	3.1015	268.348	42.394	-0.782	2.427	0	0	0	0	0	0	64675	DIETHYLSULFATE	
5883	4.3305	180.115	66.510	-1.460	5.861	0	0	0	0	0	0	97643	ETHYLLACTATE	
5884	4.0330	196.109	67.819	-0.943	3.076	0	0	0	0	0	0	111159	2-ETHOXYETHYLACETATE	
5885	4.9971	192.765	100.354	-1.323	5.353	0	0	0	0	0	0	112152	DIETHYLENEGLYCOLETHYLETHE	
5886	3.3949	210.385	69.857	-1.015	2.055	0	0	0	0	0	0	105453	METHYLACETOACETATE	
5887	4.0504	205.452	70.956	-1.018	3.436	0	0	0	0	0	0	141979	ETHYLACETOACETATE	
5888	3.9701	229.175	59.878	-0.714	2.185	0	0	0	0	0	0	105340	METHYLCYANOACETATE	
5889	4.0689	224.838	66.942	-0.712	2.168	0	0	0	0	0	0	105566	ETHYLCYANOACETATE	
5890	3.5064	217.608	63.213	-0.857	2.775	0	0	0	0	0	0	110678	3-METHOXYPROPIONITRILE	
5892	2.4095	239.473	35.906	-0.544	1.660	0	0	0	0	0	0	288142	ISOXAZOLE	
5894	3.6992	292.620	32.347	-0.691	2.012	0	0	0	0	0	0	540829	ETHYLHYDROGENSULFATE	
6851	3.0051	248.253	52.771	-0.753	2.364	0	0	0	0	0	0	594445	ETHANESULFONYLCHLORIDE	
6852	2.1274	122.236	231.870	-1.815	6.737	0.0004	400	6200	1	1	1	2425743	tert-BUTYLFORMAMIDE           	
6857	3.2817	256.758	68.102	-0.657	1.909	0	0	0	0	0	0	2150029	DIMERCAPTOETHYLETHER	
6860	2.4105	269.138	45.887	-0.544	1.675	0	0	0	0	0	0	540636	12-ETHANEDITHIOL	
6885	3.7196	210.941	79.691	-0.724	2.140	0	0	0	0	0	0	763699	ETHYL-3-ETHOXYPROPIONATE	
7851	3.8650	230.058	79.364	-0.859	2.725	0	0	0	0	0	0	111911	DI-(2-CHLOROETHOXY)METHANE	
7853	3.1902	197.009	47.492	-0.742	2.279	0	0	0	0	0	0	108225	1-METHYLVINYLACETATE	
7858	3.0688	206.138	53.181	-0.928	2.990	0	0	0	0	0	0	5878193	METHOXYACETONE	
7862	4.3746	241.860	80.455	-0.980	4.163	0	0	0	0	0	0	1571080	METHYL-4-FORMYLBENZOATE	
7865	2.9910	275.805	74.534	-0.255	0.263	0	0	0	0	0	0	99752	METHYLpara-TOLUATE	
7870	6.3684	203.907	63.016	-0.719	2.261	0	0	0	0	0	0	64001065	4-[(TETRAHYDRO-2-FURANYL)OXY	
7873	3.3909	314.782	40.034	-0.623	1.765	0	0	0	0	0	0	15507138	MONOBUTYLSULFATE	
7873	3.3909	314.782	40.034	-0.623	1.765	0	0	0	0	0	0	15507138	MONOBUTYLSULFATE	
7877	3.2640	170.985	54.371	-1.027	3.361	0	0	0	0	0	0	121437	TRIMETHYLBORATE	
7878	4.2132	205.567	77.413	-0.835	2.632	0	0	0	0	0	0	1694311	t-BUTYLACETOACETATE	
